elapsed_bin_start_s,first_receipt_monotonic_s,samples,mean_voltage_V,mean_current_mA,min_current_mA,max_current_mA,mean_power_mW
0,336864.833204416,104,5.068875192307692,26.219134615384615,19.580000000000002,43.99,132.87821305961538
1,336865.868399666,100,5.0679701,24.8484,16.9,27.85,125.927917294
2,336866.868402416,100,5.071227,18.934,18.46,20.5,96.01838926
3,336867.868573333,100,5.0722816,15.4818,5.71,29.080000000000002,78.523250514
4,336868.868428416,100,5.078257499999999,9.6523,5.21,15.23,49.010715893000004
5,336869.868403708,100,5.080521999999999,6.5625,6.45,6.74,33.34092412
6,336870.868505833,100,5.0807805,6.372000000000001,6.31,6.45,32.374726794999994
7,336871.868521208,100,5.0805755,6.261,6.19,6.31,31.809490775
8,336872.8685,100,5.0805675,6.1354999999999995,6.09,6.19,31.171819050000003
9,336873.868392041,100,5.080849,6.117999999999999,6.08,6.13,31.084634700000002
10,336874.868304666,100,5.080861,6.065499999999999,6.05,6.09,30.817961565
11,336875.86865775,100,5.0810185,6.0275,6.01,6.05,30.625839025
12,336876.868404708,100,5.081227999999999,5.99,5.96,6.0200000000000005,30.43655568
13,336877.868400666,100,5.0809075,5.942,5.94,5.96,30.19075252
14,336878.868408333,100,5.080922,5.9205000000000005,5.91,5.95,30.081597505
15,336879.868357,100,5.0810135,5.881,5.87,5.91,29.881439835000002
16,336880.86927625,100,5.0810375,5.867000000000001,5.8500000000000005,5.88,29.810447625
17,336881.868378041,100,5.0810295,5.836,5.8100000000000005,5.8500000000000005,29.652887775
18,336882.869345583,100,5.0810545,5.8025,5.8,5.8100000000000005,29.482818769999998
19,336883.868370666,100,5.0808420000000005,5.78,5.77,5.8,29.36726704
20,336884.868306583,100,5.0809605,5.772,5.760000000000001,5.8,29.32730407
21,336885.868303041,100,5.081086,5.7395000000000005,5.71,5.77,29.162892430000003
22,336886.868278166,100,5.080996,5.7135,5.6899999999999995,5.7299999999999995,29.03027079
23,336887.868168583,100,5.0809524999999995,5.698,5.67,5.720000000000001,28.95126755
24,336888.868250458,100,5.0810115,5.6775,5.63,5.720000000000001,28.84744103
25,336889.868307708,100,5.0811005,5.637,5.63,5.66,28.642164004999998
26,336890.868317375,100,5.080909500000001,5.638,5.63,5.6499999999999995,28.646167125
27,336891.868219166,100,5.0810695,5.5815,5.54,5.63,28.35999072
28,336892.868331541,100,5.081015,5.525499999999999,5.51,5.54,28.075148425000002
29,336893.868310041,100,5.0810445,5.51,5.49,5.52,27.996554914999997
30,336894.868227,100,5.081114,5.479,5.47,5.49,27.83942376
31,336895.868212541,100,5.081091,5.468999999999999,5.46,5.49,27.78848679
32,336896.86825825,100,5.0809805,5.47,5.45,5.49,27.792964385
33,336897.868279291,100,5.0808965,5.4285000000000005,5.42,5.45,27.581646335000002
34,336898.868229291,100,5.081119,5.4110000000000005,5.4,5.42,27.493934640000003
35,336899.868277625,100,5.0807685,5.377000000000001,5.36,5.4,27.319293780000002
36,336900.868181791,100,5.080632,5.364,5.35,5.37,27.252510150000003
37,336901.868131875,100,5.080824,5.3655,5.34,5.38,27.261160125
38,336902.868276791,100,5.080998,5.320500000000001,5.3,5.35,27.033449745000002
39,336903.868170875,100,5.0809765,5.2955,5.28,5.31,26.90631116
40,336904.868092583,100,5.0811175,5.263,5.25,5.29,26.741922825000003
41,336905.868091375,100,5.080638,5.25,5.22,5.2700000000000005,26.673348
42,336906.868076375,100,5.0809925,5.2170000000000005,5.18,5.25,26.507535785
43,336907.867996541,100,5.0809895,5.164499999999999,5.12,5.19,26.24077234
44,336908.86804225,100,5.0807780000000005,5.109,5.07,5.14,25.95769531
45,336909.868054708,100,5.0812355,5.184500000000001,5.14,5.25,26.343663000000003
46,336910.86805975,100,5.081246,5.0975,5.05,5.17,25.901650110000002
47,336911.868027541,100,5.081341,5.1545000000000005,5.1000000000000005,5.2,26.19177377
48,336912.868039583,100,5.0808825,5.0575,5.04,5.11,25.69656506
49,336913.868107541,100,5.0809595000000005,5.0655,5.04,5.08,25.73760062
50,336914.868033708,100,5.081189999999999,5.035,5.01,5.07,25.58378936
51,336915.86798675,100,5.0812420000000005,5.0085,5.0,5.0200000000000005,25.44940073
52,336916.867919833,100,5.081122,5.002,5.0,5.01,25.415772280000002
53,336917.867940875,100,5.081297,4.9895,4.97,5.0,25.35313227
54,336918.867872541,100,5.081259999999999,4.9425,4.930000000000001,4.97,25.11412705
55,336919.867997666,100,5.0809665,4.9565,4.930000000000001,4.97,25.183810615
56,336920.867907166,100,5.0809505,4.9270000000000005,4.92,4.930000000000001,25.033843044999998
57,336921.867968416,100,5.08117,4.9075,4.8999999999999995,4.930000000000001,24.93584121
58,336922.86787225,100,5.080948,4.863499999999999,4.84,4.8999999999999995,24.7111917
59,336923.8682145,100,5.081196,4.853,4.83,4.87,24.65904458
60,336924.867977416,100,5.0808184999999995,4.8294999999999995,4.8,4.84,24.53781407
61,336925.867934833,100,5.080856499999999,4.803999999999999,4.79,4.819999999999999,24.408434839999998
62,336926.868235666,100,5.0809305,4.794,4.760000000000001,4.819999999999999,24.35798107
63,336927.867938875,100,5.0809215,4.7410000000000005,4.7299999999999995,4.760000000000001,24.08864874
64,336928.86781625,100,5.081061,4.7495,4.74,4.760000000000001,24.132499399999997
65,336929.867872791,100,5.0809355,4.7219999999999995,4.6899999999999995,4.760000000000001,23.992178755
66,336930.867901583,100,5.0811575,4.691,4.68,4.7,23.835710095
67,336931.86789275,100,5.0811275,4.6819999999999995,4.67,4.6899999999999995,23.789839915
68,336932.867785041,100,5.080846,4.6585,4.64,4.67,23.669121495
69,336933.859886666,100,5.080792,4.6625,4.64,4.6899999999999995,23.689192755
70,336934.8597995,100,5.0810655,4.6295,4.58,4.6899999999999995,23.522787174999998
71,336935.859854166,100,5.081212,4.5805,4.57,4.590000000000001,23.27449091
72,336936.859702083,100,5.0810115,4.5705,4.55,4.590000000000001,23.222762760000002
73,336937.859677333,100,5.0809605,4.567,4.55,4.58,23.204746359999998
74,336938.859840958,100,5.081262,4.537999999999999,4.52,4.56,23.05876556
75,336939.859773666,100,5.081218,4.5075,4.49,4.52,22.903591350000003
76,336940.859685583,100,5.081152,4.4875,4.4799999999999995,4.5,22.80166984
77,336941.859776583,100,5.08123,4.488499999999999,4.47,4.5,22.80710141
78,336942.859910125,100,5.081244000000001,4.457000000000001,4.45,4.47,22.647104220000003
79,336943.859850041,100,5.081111,4.4455,4.44,4.45,22.588078879999998
80,336944.859705375,100,5.081224000000001,4.426500000000001,4.41,4.44,22.492037749999998
81,336945.859656583,100,5.081201500000001,4.4035,4.38,4.41,22.375071950000002
82,336946.859623,100,5.0809665,4.3625,4.35,4.38,22.16571581
83,336947.859588041,100,5.081218,4.3389999999999995,4.33,4.35,22.0474048
84,336948.859447583,100,5.0813825,4.336,4.33,4.35,22.032875105
85,336949.859620958,100,5.08121,4.340999999999999,4.33,4.35,22.057533109999998
86,336950.859560875,100,5.0809904999999995,4.317,4.29,4.34,21.934634525
87,336951.859495416,100,5.081144,4.2669999999999995,4.24,4.31,21.681240499999998
88,336952.85950475,100,5.081296,4.2525,4.23,4.2700000000000005,21.60821187
89,336953.859449083,100,5.081304,4.26,4.24,4.2700000000000005,21.64635452
90,336954.859590791,100,5.081466,4.2655,4.25,4.28,21.67499295
91,336955.859710958,100,5.081382,4.2725,4.22,4.3,21.71020458
92,336956.85966975,100,5.081184,4.221500000000001,4.2,4.25,21.450217470000002
93,336957.859368041,100,5.0811045,4.213,4.17,4.25,21.406693065
94,336958.85949975,100,5.0809675,4.1465,4.13,4.17,21.068231925
95,336959.859476041,100,5.081229,4.1415,4.11,4.17,21.04390758
96,336960.859531583,100,5.081219,4.104,4.069999999999999,4.13,20.853323999999997
97,336961.85955925,100,5.081415,4.0765,4.0600000000000005,4.1000000000000005,20.714388279999998
98,336962.859458875,100,5.081314,4.062,4.04,4.08,20.64029696
99,336963.859546,100,5.0814995,4.0245,4.01,4.04,20.450494485
100,336964.859501083,100,5.081443,4.0425,4.029999999999999,4.0600000000000005,20.541733524999998
101,336965.85944525,100,5.0815315,4.0195,3.9899999999999998,4.0600000000000005,20.42521766
102,336966.859502166,100,5.0809055,3.9945,3.9899999999999998,4.0200000000000005,20.2956765
103,336967.859505916,100,5.080864,4.0135,3.9699999999999998,4.029999999999999,20.392047245
104,336968.859360333,100,5.0809915,3.9614999999999996,3.95,3.9699999999999998,20.128347814999998
105,336969.859324875,100,5.081146,3.952,3.94,3.96,20.08068892
106,336970.859354916,100,5.081382,3.96,3.95,3.9699999999999998,20.12227241
107,336971.859346125,100,5.081323,3.9485,3.93,3.96,20.06360404
108,336972.859344291,100,5.081258,3.9435000000000002,3.93,3.96,20.03794079
109,336973.8593565,100,5.081295,3.93,3.8800000000000003,3.95,19.969490309999998
110,336974.859311541,100,5.081398500000001,3.8785000000000003,3.87,3.8899999999999997,19.708203945
111,336975.859283416,100,5.081463,3.8360000000000003,3.8,3.87,19.49249218
112,336976.859276208,100,5.081467,3.8810000000000002,3.83,3.91,19.72117297
113,336977.859263875,100,5.081461,3.869,3.85,3.8899999999999997,19.66017302
114,336978.859146625,100,5.08169,3.8775,3.8600000000000003,3.9,19.704252835
115,336979.859314291,100,5.081746,3.885,3.8600000000000003,3.9,19.742583449999998
116,336980.859289041,100,5.0815155,3.8345,3.82,3.8600000000000003,19.4850721
117,336981.859285916,100,5.081434499999999,3.822,3.81,3.8400000000000003,19.421242065
118,336982.859238833,100,5.081545,3.8339999999999996,3.81,3.8600000000000003,19.48264269
119,336983.859168583,100,5.0814255,3.8480000000000003,3.8400000000000003,3.8600000000000003,19.553325535000003
120,336984.859119875,100,5.081554499999999,3.8375,3.82,3.8600000000000003,19.500464400000002
121,336985.858995125,100,5.0815719999999995,3.832,3.82,3.8400000000000003,19.47258376
122,336986.859182166,100,5.081756,3.826,3.81,3.8600000000000003,19.442797470000002
123,336987.859240708,100,5.081468999999999,3.8465000000000003,3.81,3.8600000000000003,19.545869235
124,336988.8590965,100,5.0815385,3.8064999999999998,3.79,3.82,19.342875975
125,336989.859367166,100,5.081444,3.805,3.78,3.82,19.33489445
126,336990.859027583,100,5.0814725,3.799,3.78,3.8400000000000003,19.30451422
127,336991.859155166,100,5.081578,3.8425,3.83,3.8600000000000003,19.525963665
128,336992.859166416,100,5.0815980000000005,3.8375,3.82,3.8600000000000003,19.500633255
129,336993.859398208,100,5.081529499999999,3.861,3.82,3.8800000000000003,19.61978613
130,336994.859037208,100,5.0816915,3.8369999999999997,3.82,3.85,19.498449700000002
131,336995.8590575,100,5.0812165,3.802,3.79,3.82,19.3187855
132,336996.859138791,100,5.081394499999999,3.792,3.78,3.8,19.26864758
133,336997.859002375,100,5.0817755,3.849,3.8,3.8800000000000003,19.55975208
134,336998.859150708,100,5.0814155,3.8455,3.81,3.8800000000000003,19.540581095
135,336999.85911875,100,5.081698,3.7944999999999998,3.77,3.82,19.282503005
136,337000.859202541,100,5.08171,3.8185,3.8,3.8400000000000003,19.404509485000002
137,337001.858950458,100,5.0814889999999995,3.8205,3.81,3.83,19.413828685000002
138,337002.859036541,100,5.081618000000001,3.8280000000000003,3.82,3.8400000000000003,19.45243388
139,337003.858965166,100,5.081596,3.812,3.8,3.82,19.37104424
140,337004.858944958,100,5.081513,3.8315,3.8,3.8600000000000003,19.469816235
141,337005.85898975,100,5.081713000000001,3.824,3.81,3.85,19.432469660000002
142,337006.858797666,100,5.081688,3.8034999999999997,3.79,3.82,19.328199875
143,337007.858830916,100,5.0816055,3.8064999999999998,3.79,3.82,19.34313099
144,337008.858838666,100,5.081944,3.824,3.79,3.85,19.4333542
145,337009.858805125,100,5.0818475,3.8355,3.82,3.85,19.49142605
146,337010.858692041,100,5.08183,3.8155,3.79,3.8400000000000003,19.389722125000002
147,337011.858693125,100,5.082018,3.7939999999999996,3.77,3.82,19.28117521
148,337012.858917583,100,5.0823105,3.8095,3.79,3.8400000000000003,19.361062675
149,337013.858709208,100,5.0819025,3.813,3.8,3.8400000000000003,19.37729573
150,337014.858874166,100,5.08171,3.798,3.79,3.81,19.300333900000002
151,337015.858865458,100,5.081698,3.81,3.8,3.82,19.36126938
152,337016.858653833,100,5.0819295,3.8385000000000002,3.82,3.8600000000000003,19.506987279999997
153,337017.8587475,100,5.081944,3.8285,3.81,3.85,19.45622317
154,337018.858759416,100,5.0818995000000005,3.8340000000000005,3.81,3.8600000000000003,19.48400253
155,337019.858827041,100,5.0820495,3.8125,3.8,3.8400000000000003,19.375312840000003
156,337020.858833333,100,5.08191,3.795,3.78,3.81,19.28584894
157,337021.85879375,100,5.0820929999999995,3.807,3.79,3.83,19.34752971
158,337022.858696125,100,5.0822899999999995,3.8625,3.83,3.8800000000000003,19.63034529
159,337023.858863625,100,5.0816715,3.832,3.81,3.8600000000000003,19.47296635
160,337024.858788541,100,5.0816635,3.8095,3.8,3.82,19.35859711
161,337025.85879125,100,5.082108,3.7925,3.78,3.81,19.2738942
162,337026.858546375,100,5.082262,3.804,3.78,3.83,19.332924549999998
163,337027.858709208,100,5.0821675,3.835,3.82,3.85,19.49011308
164,337028.858615541,100,5.082142,3.8295,3.82,3.85,19.462063835
165,337029.858718208,100,5.0816755,3.8185000000000002,3.79,3.83,19.404377405
166,337030.858707125,100,5.082247499999999,3.8055000000000003,3.79,3.83,19.340493875
167,337031.858690166,100,5.082064,3.8495000000000004,3.83,3.8600000000000003,19.563403325
168,337032.858701666,100,5.081944,3.8355,3.82,3.85,19.491795385
169,337033.858498083,100,5.082473,3.841,3.82,3.8600000000000003,19.52177958
170,337034.85850975,100,5.0822765,3.8114999999999997,3.79,3.8400000000000003,19.371098144999998
171,337035.858542166,100,5.0823035,3.8169999999999997,3.8,3.83,19.399152649999998
172,337036.858657791,100,5.0821435,3.812,3.8,3.82,19.37313103
173,337037.858664791,100,5.0820799999999995,3.813,3.8,3.82,19.37797132
174,337038.858512916,100,5.0822765,3.8289999999999997,3.82,3.8400000000000003,19.460037
175,337039.858684125,100,5.0820955,3.8125,3.79,3.8400000000000003,19.3754906
176,337040.858678458,100,5.08207,3.813,3.8,3.82,19.3779327
177,337041.858604666,100,5.082126,3.833,3.81,3.8600000000000003,19.479788499999998
178,337042.858756125,100,5.082159000000001,3.8315,3.8,3.8600000000000003,19.47229253
179,337043.858645708,100,5.081848,3.782,3.77,3.8,19.21954977
180,337044.858582,100,5.081891,3.8215,3.8,3.8400000000000003,19.420446600000002
181,337045.858485916,100,5.082072,3.8355,3.82,3.8600000000000003,19.4922875
182,337046.858601416,100,5.081912,3.8164999999999996,3.8,3.82,19.395116700000003
183,337047.858567083,100,5.082138,3.816,3.8,3.83,19.39343902
184,337048.858576416,100,5.0817115,3.798,3.79,3.81,19.300340495
185,337049.858408458,100,5.0819365,3.798,3.78,3.82,19.301195144999998
186,337050.858395458,100,5.0818615,3.8235,3.81,3.8400000000000003,19.430497090000003
187,337051.85868375,100,5.0819865,3.822,3.8,3.85,19.423351150000002
188,337052.858458541,100,5.081986,3.8194999999999997,3.81,3.83,19.41064514
189,337053.858486625,100,5.0817625,3.8125,3.8,3.8400000000000003,19.374220310000002
190,337054.858472333,100,5.0820145000000005,3.8089999999999997,3.79,3.82,19.35739374
191,337055.858575708,100,5.0818755,3.7944999999999998,3.78,3.82,19.283176635
192,337056.858314458,100,5.081732,3.7969999999999997,3.79,3.81,19.295336109999997
193,337057.858681083,100,5.081573000000001,3.7985,3.79,3.82,19.302355435
194,337058.858445166,100,5.0819675,3.826,3.82,3.8400000000000003,19.44360726
195,337059.858656,100,5.0819445000000005,3.818,3.8,3.83,19.40286403
196,337060.858499458,100,5.081823,3.804,3.78,3.82,19.33125519
197,337061.858465166,100,5.081713,3.7855000000000003,3.76,3.82,19.236825915
198,337062.858396875,100,5.0819155,3.816,3.81,3.82,19.392589575000002
199,337063.858354125,100,5.0817385,3.8084999999999996,3.8,3.82,19.3538015
200,337064.8583815,100,5.0818085,3.821,3.81,3.8400000000000003,19.41759085
201,337065.858261833,100,5.081898,3.824,3.82,3.8400000000000003,19.433178
202,337066.858211166,100,5.082393,3.7914999999999996,3.77,3.82,19.269892979999998
203,337067.858322541,100,5.081867,3.7864999999999998,3.76,3.8,19.24248863
204,337068.858417791,100,5.081947,3.803,3.79,3.82,19.32664542
205,337069.858211041,100,5.0819945,3.8075,3.79,3.82,19.349694335000002
206,337070.858302,100,5.0817735,3.823,3.8,3.85,19.427619805
207,337071.858291208,100,5.081909,3.7735000000000003,3.75,3.81,19.17658457
208,337072.858219708,100,5.082127,3.7755,3.7399999999999998,3.82,19.18757255
209,337073.858316708,100,5.0817084999999995,3.8465000000000003,3.81,3.8600000000000003,19.54678951
210,337074.858295916,100,5.0816,3.813,3.8,3.83,19.37614101
211,337075.858280541,100,5.08168,3.775,3.76,3.8,19.18334111
212,337076.858170416,100,5.0819355,3.78,3.75,3.8,19.209716720000003
213,337077.858259416,100,5.082143,3.802,3.79,3.82,19.32230737
214,337078.85834375,100,5.082165,3.7955,3.79,3.81,19.28935659
215,337079.858227833,100,5.082001,3.805,3.79,3.82,19.33701444
216,337080.858191083,100,5.081775,3.8125,3.79,3.8400000000000003,19.37426731
217,337081.858183541,100,5.0818655,3.8160000000000003,3.8,3.85,19.3923973
218,337082.858348291,100,5.081652,3.818,3.8,3.8400000000000003,19.40174794
219,337083.858059958,100,5.0818715,3.8420000000000005,3.82,3.8600000000000003,19.52455126
220,337084.858150416,100,5.08179,3.8315,3.82,3.8400000000000003,19.4708787
221,337085.858136791,100,5.0818945,3.8289999999999997,3.82,3.8400000000000003,19.458574325
222,337086.858171166,100,5.081767500000001,3.8169999999999997,3.79,3.83,19.397106535
223,337087.858157,100,5.081925,3.7880000000000003,3.77,3.8,19.25033163
224,337088.858215708,100,5.081948,3.8135000000000003,3.79,3.8400000000000003,19.3800092
225,337089.858136,100,5.0819785,3.82,3.8,3.8600000000000003,19.413156389999997
226,337090.857931291,100,5.0813945,3.8335000000000004,3.81,3.8600000000000003,19.47952668
227,337091.858461708,100,5.0813495,3.821,3.81,3.83,19.415836175
228,337092.858162291,100,5.0816360000000005,3.8235,3.81,3.85,19.429634955
229,337093.858661375,100,5.081624,3.802,3.78,3.8400000000000003,19.32033346
230,337094.858139125,100,5.0819125,3.8169999999999997,3.8,3.8400000000000003,19.39766062
231,337095.858484291,100,5.0816625,3.8280000000000003,3.82,3.85,19.45260435
232,337096.858257583,100,5.0815339999999996,3.8305000000000002,3.82,3.85,19.464816625
233,337097.8580565,100,5.081621999999999,3.8495,3.82,3.8600000000000003,19.561703555
234,337098.85837075,100,5.0818295,3.8405,3.81,3.8600000000000003,19.51676583
235,337099.858122333,100,5.081924,3.8164999999999996,3.8,3.82,19.39516298
236,337100.858119541,100,5.0817685,3.8185,3.81,3.83,19.404732805000002
237,337101.858273416,100,5.08167,3.8145,3.8,3.8400000000000003,19.384030005
238,337102.857936708,100,5.081702,3.8525,3.8400000000000003,3.8600000000000003,19.577257024999998
239,337103.857922583,100,5.081858,3.8114999999999997,3.8,3.85,19.369501505000002
240,337104.857901666,100,5.0817820000000005,3.803,3.79,3.82,19.326017529999998
241,337105.857912,100,5.081616,3.779,3.76,3.8,19.20342679
242,337106.858029583,100,5.081767,3.7855000000000003,3.76,3.8,19.237028974999998
243,337107.857914791,100,5.081767,3.7744999999999997,3.75,3.81,19.181128935
244,337108.857897791,100,5.081854,3.8080000000000003,3.8,3.82,19.35169996
245,337109.857988166,100,5.081674,3.823,3.82,3.8400000000000003,19.427239670000002
246,337110.857839708,100,5.082018,3.84,3.83,3.85,19.5149488
247,337111.857961916,100,5.081716,3.818,3.78,3.8400000000000003,19.40199054
248,337112.857840083,100,5.08168,3.793,3.78,3.82,19.27481149
249,337113.857757958,100,5.081763,3.8295,3.81,3.85,19.460611784999998
250,337114.857741166,100,5.0819135,3.8255,3.82,3.85,19.440859775
251,337115.85778775,100,5.0818705,3.8135000000000003,3.79,3.83,19.379714845000002
252,337116.857800916,100,5.081676,3.8164999999999996,3.79,3.8400000000000003,19.394217264999998
253,337117.857775333,100,5.0817555,3.822,3.8,3.85,19.422469200000002
254,337118.857769541,100,5.0820925,3.78,3.76,3.8,19.21030854
255,337119.857743583,100,5.081495,3.8390000000000004,3.8,3.8600000000000003,19.50785738
256,337120.857691375,100,5.0815865,3.8194999999999997,3.79,3.8400000000000003,19.40911785
257,337121.857717916,100,5.0817885,3.8169999999999997,3.79,3.85,19.397185245
258,337122.849922333,100,5.0817975,3.8405,3.83,3.85,19.516642835
259,337123.849754041,100,5.0818164999999995,3.827,3.81,3.8400000000000003,19.44811192
260,337124.849846333,100,5.081722,3.7935000000000003,3.77,3.82,19.277512955
261,337125.849635541,100,5.081614,3.8085000000000004,3.77,3.8600000000000003,19.353327545
262,337126.849714833,100,5.0817380000000005,3.861,3.85,3.87,19.62059037
263,337127.849818708,100,5.081835,3.8415000000000004,3.83,3.8600000000000003,19.521868835
264,337128.84961375,100,5.081664,3.8275,3.8,3.8600000000000003,19.450069415
265,337129.849768125,100,5.081607,3.8095,3.79,3.82,19.358382525000003
266,337130.8496905,100,5.081596,3.8205,3.81,3.83,19.414237055
267,337131.849622333,100,5.081501,3.8095,3.79,3.82,19.357978635
268,337132.849897916,100,5.081720000000001,3.8145,3.81,3.82,19.384220925
269,337133.849607125,100,5.081612,3.8340000000000005,3.82,3.8600000000000003,19.48290042
270,337134.849525708,100,5.081573000000001,3.8390000000000004,3.82,3.8600000000000003,19.50815895
271,337135.849604416,100,5.081573000000001,3.8365000000000005,3.82,3.8600000000000003,19.495455015
272,337136.84968075,100,5.0817630000000005,3.8265000000000002,3.78,3.85,19.445364855
273,337137.850335458,100,5.081525,3.8005,3.78,3.83,19.312335225
274,337138.849709625,100,5.08171,3.8275,3.81,3.85,19.450244995000002
275,337139.84955075,100,5.081696,3.8360000000000003,3.81,3.87,19.493385800000002
276,337140.849503375,100,5.081612,3.8064999999999998,3.79,3.8400000000000003,19.343156745
277,337141.849430166,100,5.081862999999999,3.7880000000000003,3.77,3.8,19.25009595
278,337142.849635541,100,5.081722,3.8009999999999997,3.79,3.83,19.31562401
279,337143.849468166,100,5.081775,3.8315,3.8,3.85,19.470821515
280,337144.849377833,100,5.081546,3.807,3.79,3.82,19.34544618
281,337145.849467625,100,5.0816545,3.827,3.81,3.8400000000000003,19.447491860000003
282,337146.849470166,100,5.081796,3.787,3.77,3.82,19.24476268
283,337147.8493575,100,5.081314,3.82,3.8,3.83,19.41061944
284,337148.849415458,100,5.0813235,3.8015,3.77,3.82,19.316650985000003
285,337149.849330583,100,5.081456,3.7914999999999996,3.77,3.81,19.266340555
286,337150.849285541,100,5.081751,3.772,3.75,3.8,19.16836464
287,337151.8492855,100,5.081959,3.8175,3.78,3.85,19.400379825
288,337152.8493215,100,5.0814195,3.8245,3.8,3.8600000000000003,19.433893715
289,337153.849309208,100,5.081376000000001,3.7995,3.79,3.82,19.30668786
290,337154.849618625,100,5.0816725,3.804,3.79,3.83,19.330683075
291,337155.849410375,100,5.081547,3.8340000000000005,3.83,3.85,19.48265086
292,337156.849438875,100,5.081621,3.8285,3.82,3.8400000000000003,19.454985715
293,337157.849384,100,5.081784,3.8080000000000003,3.79,3.82,19.3514333
294,337158.849229791,100,5.0818565,3.832,3.82,3.8400000000000003,19.47367396
295,337159.849321666,100,5.0818065,3.8059999999999996,3.79,3.82,19.34135662
296,337160.849196166,100,5.081554,3.799,3.79,3.82,19.304824250000003
297,337161.84951625,100,5.081606,3.8109999999999995,3.79,3.82,19.36600031
298,337162.849258041,100,5.0818935,3.8265000000000002,3.79,3.85,19.44586666
299,337163.849225583,100,5.0818525,3.8425,3.8,3.8600000000000003,19.52701945
300,337164.849511791,100,5.0818695,3.803,3.79,3.82,19.326349970000003
301,337165.849386541,100,5.0816415,3.8265,3.82,3.8400000000000003,19.444901455
302,337166.849103958,100,5.0818520000000005,3.83,3.82,3.85,19.46349266
303,337167.849375833,100,5.0816,3.8215,3.81,3.8400000000000003,19.419334295000002
304,337168.849244458,100,5.08178,3.8175,3.81,3.82,19.399695005
305,337169.849367833,100,5.0815976,4.6955,3.81,24.35,23.858791863
306,337170.849279958,100,5.0761411,16.592,8.85,22.360000000000003,84.22273686300001
307,337171.849161208,100,5.0714033,20.0895,19.61,20.2,101.88194160900001
308,337172.849159708,100,5.0719185,19.6615,19.509999999999998,20.18,99.72145887500001
309,337173.84911525,100,5.0722105,19.6345,19.509999999999998,19.7,99.59031292499999
310,337174.84907825,100,5.0721365,19.666,19.61,19.7,99.74863455
311,337175.849205625,100,5.072459,19.6425,19.619999999999997,19.68,99.63577569499999
312,337176.849277833,100,5.0723125,19.601,19.57,19.67,99.422398535
313,337177.849030791,100,5.0721435,19.664,19.61,19.689999999999998,99.738629985
314,337178.849468166,100,5.072509999999999,19.6365,19.580000000000002,19.67,99.606342275
315,337179.849167583,100,5.072088300000001,19.5995,19.580000000000002,19.61,99.41039353800001
316,337180.849403958,100,5.0720495,19.5725,19.55,19.61,99.272689475
317,337181.849166416,100,5.0720945,19.6305,19.580000000000002,19.689999999999998,99.56775276500001
318,337182.848988708,100,5.07243,19.655500000000004,19.61,19.7,99.70114646500001
319,337183.849086833,100,5.0721395000000005,19.6805,19.66,19.709999999999997,99.82224149
320,337184.849090166,100,5.0722545000000006,19.6335,19.599999999999998,19.67,99.58610852
321,337185.849159666,100,5.072214,19.59,19.57,19.619999999999997,99.36467203000001
322,337186.849116708,100,5.072524,19.6955,19.619999999999997,19.75,99.90589560500001
323,337187.8490165,100,5.072204,19.758,19.740000000000002,19.79,100.21660546999999
324,337188.848976708,100,5.0724849999999995,19.679000000000002,19.61,19.75,99.82142693
325,337189.848765166,100,5.0725455,19.6425,19.61,19.67,99.637474625
326,337190.8489825,100,5.0724945,19.6595,19.630000000000003,19.68,99.722704115
327,337191.848977125,100,5.072288,19.6755,19.64,19.720000000000002,99.79980435499999
328,337192.848996583,100,5.072572,19.5985,19.54,19.67,99.414800685
329,337193.848922791,100,5.0722890000000005,19.6365,19.55,19.68,99.601997575
330,337194.848989541,4,5.07223,19.64,19.64,19.64,99.61859720000001
