start_host_elapsed_s,end_host_elapsed_s,samples,mean_current_mA,min_current_mA,max_current_mA,mean_voltage_V,mean_power_mW,invalid_frames
-12.0,-11.0,8,16.334999999999997,16.310000000000002,16.36,5.07108,82.83609430000001,0
-11.0,-10.0,100,16.3982,16.36,16.42,5.071108799999999,83.15705593200003,0
-10.0,-9.0,100,16.3834,16.34,16.42,5.071146400000003,83.082620884,0
-9.0,-8.0,100,16.3044,16.26,16.36,5.0709029999999995,82.67803162600003,0
-8.0,-7.0,100,16.322400000000002,16.279999999999998,16.36,5.070882,82.76896485599998,0
-7.0,-6.0,100,16.350099999999998,16.279999999999998,16.41,5.070969,82.91085015400003,0
-6.0,-5.0,100,17.309899999999995,16.29,18.78,5.069670699999999,87.754662252,0
-5.0,-4.0,100,19.398199999999996,18.78,19.57,5.067049400000002,98.291595327,0
-4.0,-3.0,100,19.4268,19.34,19.470000000000002,5.066849100000002,98.43267661399996,0
-3.0,-2.0,100,19.1888,18.98,19.380000000000003,5.066904000000001,97.22780269000005,0
-2.0,-1.0,100,19.089900000000007,18.96,19.15,5.067087799999997,96.73019783300002,0
-1.0,0.0,100,19.194299999999995,18.970000000000002,19.48,5.0671767,97.26088867499999,0
0.0,1.0,100,17.1983,2.2300000000000004,19.48,5.069339900000002,87.17879634900001,0
1.0,2.0,100,17.580099999999998,16.34,18.270000000000003,5.068941899999999,89.11209071799999,0
2.0,3.0,100,18.349299999999996,18.270000000000003,18.46,5.067838,92.99127929399997,0
3.0,4.0,100,17.394000000000002,16.26,18.46,5.068094100000003,88.15438194000004,0
4.0,5.0,100,15.916399999999998,15.87,16.26,5.0686042,80.673932612,0
5.0,6.0,100,15.877099999999999,15.81,15.92,5.068667800000001,80.47574386799998,0
6.0,7.0,100,15.852699999999997,15.79,15.92,5.068941499999999,80.35640817199999,0
7.0,8.0,100,15.900199999999993,15.87,15.94,5.068805999999998,80.595029886,0
8.0,9.0,100,15.891000000000005,15.86,15.92,5.068725199999998,80.54711195400006,0
9.0,10.0,100,15.84339999999999,15.81,15.9,5.068753600000001,80.30629277400003,0
10.0,11.0,100,15.946200000000001,15.9,15.959999999999999,5.0689554999999995,80.83057676799999,0
11.0,12.0,100,15.9394,15.92,15.98,5.069131799999998,80.79891953,0
12.0,13.0,100,15.979499999999994,15.93,16.0,5.069471300000001,81.00761839,0
13.0,14.0,100,15.900900000000012,15.879999999999999,15.93,5.0695772,80.610844394,0
14.0,15.0,100,15.928400000000002,15.9,15.959999999999999,5.069252899999999,80.74508366399998,0
15.0,16.0,100,15.946799999999994,15.92,15.959999999999999,5.0688644,80.83216978300001,0
16.0,17.0,100,15.989899999999999,15.959999999999999,16.029999999999998,5.069000799999999,81.052815477,0
17.0,18.0,100,15.994500000000006,15.959999999999999,16.029999999999998,5.069066599999999,81.07718315300001,0
18.0,19.0,100,15.9435,15.92,15.98,5.069072499999999,80.81875816999997,0
19.0,20.0,100,15.912199999999991,15.89,15.959999999999999,5.068995299999998,80.658868787,0
20.0,21.0,100,15.914899999999996,15.87,15.959999999999999,5.069013500000001,80.67283483,0
21.0,22.0,100,15.983999999999991,15.94,16.029999999999998,5.068945000000003,81.02201588300001,0
22.0,23.0,100,15.955100000000003,15.92,15.99,5.068891900000002,80.87467366100005,0
23.0,24.0,100,15.961800000000013,15.93,15.99,5.068916600000001,80.90903321400002,0
24.0,25.0,100,15.926600000000002,15.9,15.95,5.069004500000002,80.73200828499998,0
25.0,26.0,100,15.919799999999995,15.89,15.959999999999999,5.069549300000001,80.70621290500003,0
26.0,27.0,100,15.977000000000002,15.95,16.0,5.069363499999999,80.99322340300003,0
27.0,28.0,100,15.887800000000004,15.86,15.95,5.068710599999998,80.53066884199997,0
28.0,29.0,100,15.937100000000003,15.89,15.959999999999999,5.068891899999999,80.78343701600001,0
29.0,30.0,100,15.911099999999994,15.879999999999999,15.95,5.069022099999999,80.65371513000004,0
30.0,31.0,100,15.954200000000002,15.91,15.98,5.0687055999999995,80.867142752,0
31.0,32.0,100,15.880000000000011,15.84,15.91,5.068934300000001,80.49467809300005,0
32.0,33.0,100,15.999400000000003,15.91,16.029999999999998,5.069121199999999,81.10290426399997,0
33.0,34.0,100,15.999899999999997,15.959999999999999,16.029999999999998,5.069061200000002,81.10447292099998,0
34.0,35.0,100,15.990200000000003,15.959999999999999,16.029999999999998,5.068978099999997,81.053976126,0
35.0,36.0,100,15.93760000000001,15.9,15.99,5.069288499999998,80.79229259399999,0
36.0,37.0,100,15.9568,15.92,15.99,5.0690495,80.88581570000001,0
37.0,38.0,100,15.9668,15.92,16.0,5.0691636,80.938322446,0
38.0,39.0,100,15.977999999999989,15.92,16.02,5.068721699999999,80.98802932,0
39.0,40.0,100,15.980799999999997,15.959999999999999,16.029999999999998,5.068717800000004,81.00216288,0
40.0,41.0,100,15.932000000000002,15.91,15.959999999999999,5.068937899999999,80.75831789200002,0
41.0,42.0,100,15.963499999999994,15.91,16.02,5.068724199999998,80.91458585699998,0
42.0,43.0,100,15.949600000000007,15.9,15.99,5.0687980999999995,80.84529636700003,0
43.0,44.0,100,15.9751,15.92,16.02,5.0691055999999985,80.979470221,0
44.0,45.0,100,15.938100000000004,15.91,15.970000000000002,5.068834000000002,80.78758306699996,0
45.0,46.0,100,15.953800000000005,15.9,15.99,5.0688026000000015,80.86666220199997,0
46.0,47.0,100,15.9645,15.92,16.01,5.069199800000001,80.92724311699997,0
47.0,48.0,100,15.979499999999994,15.93,16.01,5.069335199999999,81.00544108800004,0
48.0,49.0,100,15.942000000000005,15.89,15.99,5.069276500000001,80.81441326500003,0
49.0,50.0,100,15.914900000000006,15.89,15.959999999999999,5.068996600000001,80.67257362400001,0
50.0,51.0,100,15.95159999999999,15.92,15.970000000000002,5.069114300000002,80.86048174499999,0
51.0,52.0,100,15.918400000000005,15.89,15.959999999999999,5.0694341000000005,80.697280484,0
52.0,53.0,100,15.935599999999997,15.91,15.959999999999999,5.069248899999999,80.781522882,0
53.0,54.0,100,15.9755,15.94,16.01,5.068947799999999,80.97897830499997,0
54.0,55.0,100,15.977300000000003,15.959999999999999,15.99,5.0689768,80.98856193100004,0
55.0,56.0,100,15.9954,15.959999999999999,16.029999999999998,5.068824499999999,81.07787598600002,0
56.0,57.0,100,15.930299999999997,15.89,16.0,5.069190800000002,80.753728909,0
57.0,58.0,100,15.9255,15.89,15.94,5.0689341000000026,80.72531137499999,0
58.0,59.0,100,15.95139999999999,15.92,15.970000000000002,5.069093200000001,80.85913350999999,0
59.0,60.0,100,15.955599999999993,15.93,15.970000000000002,5.069307099999999,80.88383518299997,0
60.0,61.0,100,15.9227,15.9,15.95,5.069272999999998,80.71650698099998,0
61.0,62.0,100,15.9896,15.95,16.029999999999998,5.069086099999999,81.05266017099996,0
62.0,63.0,100,15.9352,15.89,16.029999999999998,5.068944899999998,80.77464036300005,0
63.0,64.0,100,15.91010000000001,15.89,15.94,5.069273,80.65264017600002,0
64.0,65.0,100,15.957500000000003,15.92,16.0,5.069435899999998,80.89552319299999,0
65.0,66.0,100,15.950300000000004,15.93,15.970000000000002,5.069247499999997,80.85601847900004,0
66.0,67.0,100,15.972000000000003,15.95,16.02,5.069218900000003,80.96556173599998,0
67.0,68.0,100,15.918800000000005,15.89,15.959999999999999,5.068748600000001,80.688394404,0
68.0,69.0,100,15.936800000000009,15.89,15.959999999999999,5.0689712,80.78318015199996,0
69.0,70.0,100,15.975199999999996,15.94,16.0,5.0691303,80.980371789,0
70.0,71.0,100,15.965299999999996,15.89,16.029999999999998,5.0689283,80.92695896899998,0
71.0,72.0,100,15.8781,15.86,15.92,5.069088999999999,80.48749853799995,0
72.0,73.0,100,15.966899999999985,15.92,15.99,5.069220699999998,80.939738327,0
73.0,74.0,100,15.992399999999996,15.98,16.01,5.0690414,81.066138272,0
74.0,75.0,100,15.969300000000002,15.9,16.029999999999998,5.0690639,80.94940448700007,0
75.0,76.0,100,15.93120000000001,15.89,15.970000000000002,5.0692908,80.75988253800006,0
76.0,77.0,100,15.995100000000004,15.959999999999999,16.029999999999998,5.06904,81.07979756199998,0
77.0,78.0,100,15.935399999999996,15.89,15.99,5.0692002999999985,80.779727624,0
78.0,79.0,100,15.952600000000011,15.91,15.99,5.069122399999998,80.865686065,0
79.0,80.0,100,16.003400000000003,15.959999999999999,16.060000000000002,5.069113099999999,81.12304185299999,0
80.0,81.0,100,15.9645,15.94,16.029999999999998,5.0690479999999996,80.92481267199999,0
81.0,82.0,100,15.960600000000015,15.94,15.99,5.0691980999999995,80.90744853799998,0
82.0,83.0,100,15.969199999999995,15.94,16.0,5.0692424,80.95174784599998,0
83.0,84.0,100,15.9876,15.93,16.029999999999998,5.069379999999999,81.047224549,0
84.0,85.0,100,15.907500000000004,15.85,15.98,5.069234000000002,80.638837575,0
85.0,86.0,100,15.967100000000002,15.9,16.01,5.0690991999999975,80.93881355699996,0
86.0,87.0,100,15.961300000000001,15.95,15.99,5.0693364,80.91319881300002,0
87.0,88.0,100,15.936699999999995,15.92,15.959999999999999,5.068983600000002,80.78287320500002,0
88.0,89.0,100,16.018,15.95,16.060000000000002,5.069127,81.19727362999997,0
89.0,90.0,100,16.0053,15.94,16.1,5.069386299999999,81.13704770300001,0
90.0,91.0,100,15.9347,15.879999999999999,15.970000000000002,5.069289900000001,80.77761352899998,0
91.0,92.0,100,16.0497,15.959999999999999,16.09,5.0694046,81.36242172600001,0
92.0,93.0,100,16.02839999999999,15.99,16.1,5.069214299999999,81.25139549700003,0
93.0,94.0,100,16.0114,15.99,16.029999999999998,5.0686028,81.15543024100002,0
94.0,95.0,100,16.016000000000002,15.99,16.029999999999998,5.068948800000003,81.184282844,0
95.0,96.0,100,15.950200000000015,15.87,16.01,5.0687788000000005,80.84803447799999,0
96.0,97.0,100,15.916999999999991,15.87,15.98,5.068918900000001,80.68198340000001,0
97.0,98.0,100,15.961400000000001,15.94,15.99,5.069043699999999,80.90903499400001,0
98.0,99.0,100,15.946699999999991,15.879999999999999,15.99,5.069082000000002,80.835126138,0
99.0,100.0,100,15.953699999999994,15.9,16.02,5.069502400000002,80.87732550000001,0
100.0,101.0,100,15.955000000000004,15.91,16.01,5.0687983999999995,80.87268958400001,0
101.0,102.0,100,15.953099999999994,15.91,15.99,5.068543900000002,80.858981568,0
102.0,103.0,100,15.949499999999995,15.91,15.99,5.0691393000000025,80.850243958,0
103.0,104.0,100,15.9851,15.95,16.029999999999998,5.068945900000002,81.02761046599998,0
104.0,105.0,100,16.02220000000001,15.98,16.049999999999997,5.069408900000003,81.223079878,0
105.0,106.0,100,15.967600000000006,15.93,15.99,5.0692988,80.94454154099996,0
106.0,107.0,100,15.911099999999987,15.89,15.959999999999999,5.069555599999999,80.66220302100001,0
107.0,108.0,100,15.945400000000005,15.89,15.970000000000002,5.069265099999998,80.83145823899999,0
108.0,109.0,100,15.862700000000007,15.82,15.92,5.068872200000001,80.40600337099998,0
109.0,110.0,100,15.929000000000006,15.92,15.94,5.068940700000001,80.74315629399999,0
110.0,111.0,100,15.991699999999998,15.92,16.04,5.068932000000001,81.060843831,0
111.0,112.0,100,15.980299999999986,15.92,16.029999999999998,5.068797099999999,81.00091253699999,0
112.0,113.0,100,15.880600000000005,15.85,15.92,5.069333700000001,80.50405820200001,0
113.0,114.0,100,15.899399999999998,15.87,15.959999999999999,5.069407199999999,80.60052978200004,0
114.0,115.0,100,15.907499999999995,15.86,15.95,5.069395199999998,80.64141023000002,0
115.0,116.0,100,15.911600000000005,15.87,15.95,5.0689775,80.65554052099999,0
116.0,117.0,100,15.95940000000001,15.93,15.98,5.0688029000000006,80.89504966700002,0
117.0,118.0,100,15.999499999999992,15.959999999999999,16.029999999999998,5.069230800000001,81.10516040100002,0
118.0,119.0,100,16.014699999999998,16.0,16.029999999999998,5.069175100000001,81.18131939400001,0
119.0,120.0,100,15.986299999999998,15.92,16.04,5.069208,81.03787255799998,0
120.0,121.0,100,15.953899999999994,15.92,15.99,5.069036700000001,80.87090643599998,0
121.0,122.0,100,16.0198,15.99,16.04,5.069114,81.20619253800001,0
122.0,123.0,100,16.008599999999998,15.99,16.04,5.0691991000000005,81.15078020700001,0
123.0,124.0,100,16.001599999999996,15.99,16.029999999999998,5.069239999999999,81.11594916199999,0
124.0,125.0,100,15.9351,15.91,16.0,5.0691781,80.77786006700002,0
125.0,126.0,100,15.9394,15.92,15.959999999999999,5.068953900000001,80.796081254,0
126.0,127.0,100,15.904599999999995,15.86,15.94,5.069088599999998,80.62182294399999,0
127.0,128.0,100,15.924299999999992,15.89,15.959999999999999,5.0690633,80.72127972499996,0
128.0,129.0,100,15.901899999999996,15.879999999999999,15.94,5.0686572,80.60128189400001,0
129.0,130.0,100,15.8948,15.85,15.93,5.069057899999999,80.571666252,0
130.0,131.0,100,15.913400000000001,15.89,15.94,5.069737999999997,80.67676807399997,0
131.0,132.0,100,15.906500000000008,15.879999999999999,15.94,5.069234099999999,80.633774159,0
132.0,133.0,100,15.938199999999993,15.89,15.98,5.0692044,80.79399315799999,0
133.0,134.0,100,15.960700000000001,15.94,15.970000000000002,5.0690755,80.905992557,0
134.0,135.0,100,16.003099999999996,15.959999999999999,16.02,5.069538400000001,81.12833102399998,0
135.0,136.0,100,16.011499999999995,15.970000000000002,16.049999999999997,5.069115299999999,81.16413801200001,0
136.0,137.0,100,15.958499999999994,15.89,16.04,5.069306399999998,80.898523485,0
137.0,138.0,100,15.9469,15.89,15.98,5.069352500000001,80.840459351,0
138.0,139.0,100,15.908099999999997,15.879999999999999,15.959999999999999,5.0690035999999985,80.63821986200004,0
139.0,140.0,100,15.8579,15.82,15.89,5.0688813999999995,80.38181463300002,0
140.0,141.0,100,15.8669,15.82,15.9,5.069014300000002,80.42953779699998,0
141.0,142.0,100,15.860599999999993,15.82,15.92,5.0687967,80.39415232399998,0
142.0,143.0,100,15.904599999999991,15.89,15.92,5.0688249,80.61763401300003,0
143.0,144.0,100,15.906099999999997,15.879999999999999,15.94,5.068903799999999,80.62648370699999,0
144.0,145.0,100,15.930000000000007,15.9,15.959999999999999,5.0692926,80.75382926200004,0
145.0,146.0,100,15.9276,15.89,16.0,5.068598100000002,80.73059698799996,0
146.0,147.0,100,15.966199999999994,15.86,16.01,5.069110299999999,80.93441996200004,0
147.0,148.0,100,15.884200000000005,15.85,15.92,5.068958300000003,80.51634894500003,0
148.0,149.0,100,15.97220000000001,15.92,15.99,5.0693099,80.96803358699997,0
149.0,150.0,100,15.975300000000008,15.94,15.99,5.0694636000000015,80.98620127399998,0
150.0,151.0,100,15.953000000000008,15.93,15.970000000000002,5.068948799999998,80.86494324799999,0
151.0,152.0,100,15.978099999999998,15.95,16.01,5.0689542,80.99225789299996,0
152.0,153.0,100,16.05109999999999,16.0,16.1,5.068827200000002,81.36025149299999,0
153.0,154.0,100,15.981099999999998,15.94,16.029999999999998,5.068877900000001,81.006246097,0
154.0,155.0,100,15.905999999999997,15.86,15.959999999999999,5.0687451999999995,80.623461622,0
155.0,156.0,100,15.903000000000004,15.86,15.959999999999999,5.069315000000003,80.61731987999995,0
156.0,157.0,100,15.986400000000001,15.959999999999999,16.01,5.0689214,81.03380682600005,0
157.0,158.0,100,15.933100000000005,15.9,15.98,5.069175899999999,80.767684609,0
158.0,159.0,100,15.930299999999994,15.9,15.959999999999999,5.069108000000003,80.75241076599998,0
159.0,160.0,100,15.896200000000013,15.87,15.959999999999999,5.069522,80.58613370000009,0
160.0,161.0,100,15.96129999999999,15.94,15.99,5.069111300000001,80.909607495,0
161.0,162.0,100,15.951300000000002,15.89,15.99,5.068792299999999,80.853833867,0
162.0,163.0,100,15.988299999999997,15.94,16.060000000000002,5.068659400000001,81.039250124,0
163.0,164.0,100,15.994799999999996,15.95,16.029999999999998,5.068603499999998,81.07129753699999,0
164.0,165.0,100,15.99450000000001,15.959999999999999,16.029999999999998,5.068772099999999,81.07247487700003,0
165.0,166.0,100,15.951699999999992,15.93,16.02,5.0689453,80.85829978699999,0
166.0,167.0,100,15.984599999999999,15.93,16.01,5.0690104000000025,81.02610277400002,0
167.0,168.0,100,15.973600000000008,15.95,16.01,5.068603599999998,80.96384439600001,0
168.0,169.0,100,15.9676,15.92,15.99,5.068633100000002,80.933910993,0
169.0,170.0,100,16.00640000000001,15.970000000000002,16.04,5.0687843,81.13299698499998,0
170.0,171.0,100,15.917400000000008,15.879999999999999,15.99,5.069315100000002,80.690308135,0
171.0,172.0,100,15.940000000000003,15.89,15.99,5.068715300000002,80.79532434,0
172.0,173.0,100,15.880699999999997,15.85,15.92,5.068987099999999,80.49906263299998,0
173.0,174.0,100,15.9755,15.92,16.01,5.068707000000001,80.97512906999998,0
174.0,175.0,100,15.889699999999992,15.85,15.970000000000002,5.069028799999996,80.545347291,0
175.0,176.0,100,15.971399999999997,15.879999999999999,16.01,5.068704500000001,80.95431045199999,0
176.0,177.0,100,15.94950000000001,15.92,16.0,5.0685911,80.84149234799999,0
177.0,178.0,100,15.8972,15.86,15.95,5.068841100000001,80.58038771100004,0
178.0,179.0,100,16.013999999999992,15.91,16.080000000000002,5.068785000000001,81.17152349999995,0
179.0,180.0,100,15.964699999999999,15.89,16.029999999999998,5.068977100000002,80.92467988099999,0
180.0,181.0,100,15.934800000000003,15.91,15.98,5.069333700000001,80.77881278600002,0
181.0,182.0,100,15.960999999999997,15.94,15.98,5.0690989,80.90788661399996,0
182.0,183.0,100,15.991200000000001,15.959999999999999,16.02,5.068818599999997,81.05648932999999,0
183.0,184.0,100,16.0047,15.970000000000002,16.029999999999998,5.069166,81.13048030199998,0
184.0,185.0,100,15.937600000000007,15.91,16.029999999999998,5.0690065,80.78780056100004,0
185.0,186.0,100,16.019199999999998,15.91,16.07,5.069021700000003,81.20167467699999,0
186.0,187.0,100,15.971800000000009,15.91,16.07,5.068884800000001,80.95919077000002,0
187.0,188.0,100,15.926699999999999,15.91,15.959999999999999,5.0688562,80.730153666,0
188.0,189.0,100,15.91700000000001,15.9,15.95,5.069241100000002,80.68711260300003,0
189.0,190.0,100,16.026200000000003,15.92,16.1,5.068703099999999,81.232061323,0
190.0,191.0,100,15.987699999999997,15.959999999999999,16.080000000000002,5.068842800000001,81.03914040999997,0
191.0,192.0,100,15.969099999999994,15.92,16.02,5.068430500000002,80.93826830800002,0
192.0,193.0,100,16.009800000000006,15.92,16.060000000000002,5.0690656,81.15472739,0
193.0,194.0,100,16.01170000000001,15.959999999999999,16.07,5.068924999999999,81.16210829700002,0
194.0,195.0,100,15.981100000000001,15.93,16.02,5.068789899999998,81.00484327400001,0
195.0,196.0,100,15.968199999999998,15.95,16.0,5.0692163,80.94625939000001,0
196.0,197.0,100,15.99680000000001,15.959999999999999,16.049999999999997,5.069024400000002,81.08816781899999,0
197.0,198.0,100,15.995900000000004,15.970000000000002,16.02,5.0687593000000035,81.079364973,0
198.0,199.0,100,15.956399999999995,15.92,15.99,5.069048400000001,80.88376246000003,0
199.0,200.0,100,16.014599999999998,15.970000000000002,16.04,5.068819899999997,81.17512327300003,0
200.0,201.0,100,15.966000000000005,15.959999999999999,15.98,5.0690044,80.93172567200004,0
201.0,202.0,100,15.909499999999996,15.87,15.970000000000002,5.069200099999998,80.64843548700003,0
202.0,203.0,100,15.931999999999999,15.9,15.970000000000002,5.068939200000002,80.75833734400001,0
203.0,204.0,100,15.935799999999997,15.91,15.970000000000002,5.068722399999999,80.77415302800003,0
204.0,205.0,100,15.948999999999998,15.92,15.970000000000002,5.068662999999998,80.840106,0
205.0,206.0,100,15.967999999999996,15.93,15.99,5.068765000000003,80.93803627699997,0
206.0,207.0,100,16.002600000000008,15.959999999999999,16.04,5.068476900000002,81.10881303599997,0
207.0,208.0,100,16.02690000000001,15.99,16.060000000000002,5.069136800000002,81.24254772900001,0
208.0,209.0,100,15.98019999999999,15.94,16.02,5.069273000000002,81.00799668500001,0
209.0,210.0,100,15.9503,15.93,15.970000000000002,5.068675999999999,80.84690123799999,0
210.0,211.0,100,15.934400000000002,15.879999999999999,15.959999999999999,5.068856299999999,80.76917788699998,0
211.0,212.0,100,15.88220000000001,15.85,15.94,5.0691546999999995,80.50932571300002,0
212.0,213.0,100,15.946399999999999,15.93,15.98,5.069065599999999,80.83334779999998,0
213.0,214.0,100,15.98609999999999,15.959999999999999,16.01,5.069224500000003,81.037129784,0
214.0,215.0,100,15.974600000000006,15.959999999999999,15.99,5.068814000000001,80.97227275799995,0
215.0,216.0,100,15.9937,15.959999999999999,16.029999999999998,5.0690795999999985,81.07333659900003,0
216.0,217.0,100,15.947600000000007,15.92,15.98,5.068812699999999,80.83539295800001,0
217.0,218.0,100,15.974500000000006,15.93,16.01,5.068939600000002,80.97378201200004,0
218.0,219.0,100,16.016700000000007,16.0,16.060000000000002,5.068705899999999,81.18393879099999,0
219.0,220.0,100,16.017200000000013,15.98,16.04,5.068530699999998,81.18367229300006,0
220.0,221.0,100,15.930100000000014,15.87,15.98,5.068944099999999,80.74878309700003,0
221.0,222.0,100,15.913699999999993,15.89,15.94,5.0690448,80.66725833900001,0
222.0,223.0,100,15.89189999999999,15.86,15.92,5.068945999999999,80.55518277700003,0
223.0,224.0,100,15.995699999999998,15.89,16.029999999999998,5.069023799999999,81.08257804899995,0
224.0,225.0,100,15.914999999999996,15.879999999999999,16.0,5.068359600000001,80.66294114,0
225.0,226.0,100,15.958199999999993,15.89,16.060000000000002,5.0686958,80.887267685,0
226.0,227.0,100,16.022400000000005,15.98,16.060000000000002,5.069192699999999,81.22063658799999,0
227.0,228.0,100,15.97769999999999,15.95,15.99,5.068920199999997,80.989687379,0
228.0,229.0,100,15.995299999999997,15.959999999999999,16.02,5.0689316,81.07908246299999,0
229.0,230.0,100,16.013199999999994,15.970000000000002,16.04,5.068912699999999,81.16950942899999,0
230.0,231.0,100,15.996,15.959999999999999,16.060000000000002,5.0691334999999995,81.0858582,0
231.0,232.0,100,16.0533,16.029999999999998,16.080000000000002,5.069151100000003,81.37660894000001,0
232.0,233.0,100,15.981299999999997,15.92,16.029999999999998,5.068647800000003,81.00357268200001,0
233.0,234.0,100,15.895900000000001,15.879999999999999,15.92,5.069241900000001,80.58016302799999,0
234.0,235.0,100,15.979399999999995,15.89,16.01,5.069100800000002,81.00118703599998,0
235.0,236.0,100,15.996300000000005,15.959999999999999,16.029999999999998,5.069161499999999,81.08782764200002,0
236.0,237.0,100,15.937399999999997,15.92,16.0,5.0691498,80.78906833799999,0
237.0,238.0,100,15.954900000000004,15.9,15.99,5.068955799999999,80.87468328500002,0
238.0,239.0,100,16.024800000000003,15.99,16.049999999999997,5.068823199999998,81.22687665399997,0
239.0,240.0,100,15.934200000000002,15.879999999999999,16.029999999999998,5.0687894,80.76709735999998,0
240.0,241.0,100,15.895699999999998,15.85,15.92,5.069216799999998,80.57874686400001,0
241.0,242.0,100,15.946600000000002,15.89,15.99,5.068797699999999,80.83008213699996,0
242.0,243.0,100,15.979700000000003,15.959999999999999,16.01,5.069165699999998,81.00374618499997,0
243.0,244.0,100,15.911099999999998,15.85,15.99,5.069064799999999,80.65439567499998,0
244.0,245.0,100,15.969200000000003,15.91,16.02,5.068828799999999,80.94513733799998,0
245.0,246.0,100,15.9837,15.970000000000002,15.99,5.068820100000001,81.01850045800002,0
246.0,247.0,100,15.971000000000009,15.89,16.0,5.068902100000002,80.95543320899998,0
247.0,248.0,100,15.898800000000005,15.879999999999999,15.93,5.06902,80.59133539999999,0
248.0,249.0,100,15.947500000000003,15.9,16.0,5.068908999999998,80.83642037499997,0
249.0,250.0,100,15.961499999999997,15.93,15.98,5.0691125,80.91063808499999,0
250.0,251.0,100,16.000299999999996,15.93,16.029999999999998,5.069053199999998,81.10637144900005,0
251.0,252.0,100,15.980800000000007,15.93,16.029999999999998,5.068875600000001,81.004689184,0
252.0,253.0,100,15.975999999999997,15.94,16.01,5.068628799999997,80.97641346400002,0
253.0,254.0,100,15.931999999999995,15.879999999999999,15.970000000000002,5.0685245,80.75172914999999,0
254.0,255.0,100,15.906699999999988,15.86,15.959999999999999,5.0687284,80.62674193999996,0
255.0,256.0,100,15.946600000000002,15.87,16.049999999999997,5.0688154,80.830373662,0
256.0,257.0,100,15.975500000000007,15.9,16.049999999999997,5.068481399999997,80.97152901599998,0
257.0,258.0,100,15.911799999999994,15.87,15.959999999999999,5.0687707,80.65326629999998,0
258.0,259.0,100,15.932299999999985,15.92,15.959999999999999,5.069194700000001,80.76393097600001,0
259.0,260.0,100,15.978200000000001,15.93,16.01,5.068968200000001,80.99298935700003,0
260.0,261.0,100,15.994099999999998,15.970000000000002,16.04,5.0687741000000015,81.07048407200001,0
261.0,262.0,100,16.03409999999999,15.99,16.060000000000002,5.0688694,81.27475547500005,0
262.0,263.0,100,16.008399999999998,15.970000000000002,16.049999999999997,5.068882900000001,81.14470639900004,0
263.0,264.0,100,15.983299999999998,15.959999999999999,16.01,5.068848499999999,81.016926018,0
264.0,265.0,100,15.9049,15.89,15.959999999999999,5.0690701,80.62305384099999,0
265.0,266.0,100,15.930200000000006,15.89,15.959999999999999,5.069031200000001,80.75068031,0
266.0,267.0,100,15.895600000000009,15.86,15.92,5.0690740000000005,80.57597233200003,0
267.0,268.0,100,15.902099999999999,15.84,16.0,5.0689063,80.60625533400004,0
268.0,269.0,100,15.965699999999996,15.91,16.0,5.069391000000003,80.93637121799998,0
269.0,270.0,100,15.893600000000015,15.83,15.94,5.068547300000002,80.55745709099999,0
270.0,271.0,100,15.93760000000001,15.86,16.0,5.0688154999999995,80.78475603099997,0
271.0,272.0,100,15.949500000000002,15.91,16.029999999999998,5.068906899999999,80.84654109899999,0
272.0,273.0,100,15.938300000000009,15.9,16.01,5.069080000000001,80.792516815,0
273.0,274.0,100,16.017200000000006,15.970000000000002,16.049999999999997,5.069193800000001,81.19429178600004,0
274.0,275.0,100,15.95110000000001,15.89,16.0,5.068939900000001,80.85517021400003,0
275.0,276.0,100,15.881200000000005,15.83,15.959999999999999,5.0687728,80.498194489,0
276.0,277.0,100,16.000100000000007,15.959999999999999,16.04,5.0687801000000015,81.100990847,0
277.0,278.0,100,15.990600000000008,15.95,16.01,5.0685254,81.04876405600004,0
278.0,279.0,100,15.961299999999998,15.92,15.99,5.068642400000001,80.902120079,0
279.0,280.0,100,15.924900000000003,15.89,15.959999999999999,5.069242699999999,80.72717776799999,0
280.0,281.0,100,15.961100000000005,15.91,15.99,5.069151400000002,80.909233895,0
281.0,282.0,100,15.9222,15.89,15.970000000000002,5.068926399999999,80.70846447400001,0
282.0,283.0,100,15.91430000000001,15.89,15.93,5.068929799999999,80.66847207299999,0
283.0,284.0,100,15.905100000000004,15.86,15.959999999999999,5.068862,80.620755583,0
284.0,285.0,100,15.963200000000004,15.9,16.01,5.068959200000001,80.91680755599997,0
285.0,286.0,100,15.89920000000001,15.85,15.959999999999999,5.068535299999999,80.58565128699999,0
286.0,287.0,100,15.9829,15.959999999999999,16.029999999999998,5.0684926999999975,81.00921427400003,0
287.0,288.0,100,16.023099999999992,15.959999999999999,16.1,5.068798300000002,81.21786182600003,0
288.0,289.0,100,15.972399999999991,15.93,16.01,5.068599699999998,80.95769667000005,0
289.0,290.0,100,15.9304,15.89,15.99,5.0687357,80.74697166200005,0
290.0,291.0,100,15.946999999999992,15.9,16.0,5.0690133,80.83555354000006,0
291.0,292.0,100,15.921799999999996,15.84,16.0,5.068631399999999,80.701727184,0
292.0,293.0,100,15.8678,15.82,15.91,5.0688738,80.43187808799999,0
293.0,294.0,100,15.914199999999992,15.87,15.94,5.068805900000001,80.665990584,0
294.0,295.0,100,15.91700000000001,15.879999999999999,15.94,5.068876899999999,80.68131040600001,0
295.0,296.0,100,15.890100000000007,15.85,15.94,5.069166599999998,80.54956501699994,0
296.0,297.0,100,15.938399999999998,15.87,16.0,5.068863300000002,80.78956664899997,0
297.0,298.0,100,15.916899999999988,15.86,15.99,5.068857299999998,80.68049234599998,0
298.0,299.0,100,15.917,15.85,15.959999999999999,5.0691151,80.68509995600002,0
299.0,300.0,100,15.959099999999998,15.92,15.99,5.0691167,80.89853911899999,0
300.0,301.0,100,15.982300000000008,15.94,16.01,5.068804799999999,81.011151499,0
301.0,302.0,100,15.933100000000012,15.9,15.98,5.068989199999998,80.76471123299994,0
302.0,303.0,100,15.755799999999997,2.2300000000000004,15.92,5.069254899999999,79.86869456899998,0
303.0,304.0,100,15.832499999999996,4.22,16.549999999999997,5.0699359,80.27004434,0
304.0,305.0,100,17.6994,16.549999999999997,18.37,5.068698099999997,89.71255070700002,0
305.0,306.0,100,18.3447,18.3,18.41,5.0674932,92.96164176099997,0
306.0,307.0,100,17.2084,16.0,18.38,5.068431,87.21928913500001,0
307.0,308.0,100,15.908900000000013,15.85,16.0,5.0691809999999995,80.64509212700001,0
308.0,309.0,100,15.972499999999993,15.87,16.04,5.068647099999999,80.95896395700001,0
309.0,310.0,100,15.95200000000001,15.89,16.02,5.068874000000001,80.85867770999995,0
310.0,311.0,100,15.915199999999997,15.879999999999999,15.95,5.0690713,80.67527842099999,0
311.0,312.0,100,15.931099999999997,15.87,16.01,5.0690447,80.75545260300002,0
312.0,313.0,100,16.01239999999999,16.0,16.029999999999998,5.06896,81.16621544800002,0
313.0,314.0,100,16.00020000000001,15.959999999999999,16.049999999999997,5.068919600000002,81.10371703600003,0
314.0,315.0,100,15.998400000000006,15.959999999999999,16.029999999999998,5.068681399999999,81.09078956700003,0
315.0,316.0,100,16.0344,16.01,16.060000000000002,5.0684948,81.270273373,0
316.0,317.0,100,15.984599999999988,15.95,16.029999999999998,5.068905100000001,81.024410074,0
317.0,318.0,100,15.948400000000001,15.9,16.01,5.069116800000001,80.84430264,0
318.0,319.0,100,16.08120000000001,15.93,16.16,5.068827299999998,81.51281851499999,0
319.0,320.0,100,16.012300000000007,15.959999999999999,16.09,5.0687452,81.162258387,0
320.0,321.0,100,15.975099999999996,15.91,16.049999999999997,5.068994000000001,80.97768622500001,0
321.0,322.0,100,15.899399999999995,15.85,15.94,5.068686499999997,80.58907387500003,0
322.0,323.0,100,15.94919999999999,15.9,15.99,5.068790299999996,80.843154397,0
323.0,324.0,100,15.931599999999998,15.87,16.0,5.068981400000003,80.75699759199999,0
324.0,325.0,100,15.886200000000002,15.85,15.93,5.0688226,80.52432680800003,0
325.0,326.0,100,15.9558,15.92,15.99,5.0688778000000045,80.87800035999999,0
326.0,327.0,100,15.997399999999999,15.970000000000002,16.04,5.0686766,81.08564910500002,0
327.0,328.0,100,15.993799999999998,15.959999999999999,16.060000000000002,5.068762000000001,81.06876032499999,0
328.0,329.0,100,16.059899999999992,16.029999999999998,16.1,5.0692,81.41084217699999,0
329.0,330.0,100,16.036799999999996,15.94,16.1,5.069025899999999,81.29094965999995,0
330.0,331.0,100,16.012400000000007,15.94,16.060000000000002,5.068710199999998,81.16221753800001,0
331.0,332.0,100,15.955600000000004,15.92,16.060000000000002,5.068812999999999,80.875951128,0
332.0,333.0,100,15.976599999999994,15.92,16.02,5.0688739999999965,80.98336828900004,0
333.0,334.0,100,15.957200000000007,15.879999999999999,16.029999999999998,5.068757499999999,80.88318265499996,0
334.0,335.0,100,15.922700000000008,15.85,16.0,5.0686872,80.70718093699999,0
335.0,336.0,100,15.947299999999995,15.86,16.02,5.0685884,80.83031081199998,0
336.0,337.0,100,15.9335,15.879999999999999,16.029999999999998,5.0687825,80.76344958499999,0
337.0,338.0,100,15.999300000000002,15.92,16.04,5.068891200000001,81.09870956600001,0
338.0,339.0,100,15.900299999999993,15.879999999999999,15.92,5.068816100000002,80.595696431,0
339.0,340.0,100,15.95439999999999,15.91,15.99,5.069005999999998,80.87295082200005,0
340.0,341.0,100,15.9301,15.89,15.98,5.068711600000001,80.745072977,0
341.0,342.0,100,15.960899999999993,15.91,16.01,5.069023400000001,80.906175598,0
342.0,343.0,100,15.941199999999998,15.89,15.99,5.068941999999999,80.80501212599995,0
343.0,344.0,100,15.969800000000006,15.92,16.02,5.068586799999999,80.94431690800003,0
344.0,345.0,100,15.920900000000005,15.9,15.94,5.068613599999999,80.69689030800002,0
345.0,346.0,100,15.91530000000001,15.89,15.93,5.068841600000002,80.672135476,0
346.0,347.0,100,15.880700000000001,15.84,15.9,5.068606700000001,80.49302011200002,0
347.0,348.0,100,15.917400000000002,15.89,15.95,5.069004699999998,80.685375346,0
348.0,349.0,100,15.982900000000011,15.92,16.01,5.068302299999999,81.00616664300001,0
349.0,350.0,100,15.934599999999996,15.89,15.99,5.068985300000001,80.77225542499998,0
350.0,351.0,100,16.019500000000004,15.970000000000002,16.060000000000002,5.0690323,81.20336267100001,0
351.0,352.0,100,15.930200000000006,15.879999999999999,16.02,5.0685075999999984,80.74233788000002,0
352.0,353.0,100,15.933400000000018,15.879999999999999,16.0,5.0687116,80.76182126799999,0
353.0,354.0,100,15.96620000000001,15.94,16.0,5.0688799000000015,80.93075146399998,0
354.0,355.0,100,15.934099999999999,15.89,15.959999999999999,5.069066500000001,80.77101162700001,0
355.0,356.0,100,15.92690000000001,15.89,15.970000000000002,5.068755300000002,80.72955313100005,0
356.0,357.0,100,15.9927,15.959999999999999,16.02,5.068773600000001,81.06337792200003,0
357.0,358.0,100,16.0077,15.959999999999999,16.080000000000002,5.068644300000001,81.13734210299998,0
358.0,359.0,100,16.04969999999999,15.99,16.1,5.069093600000001,81.357426548,0
359.0,360.0,100,15.9357,15.89,15.99,5.069129,80.78011978499997,0
360.0,361.0,100,15.919199999999991,15.89,15.959999999999999,5.0690091,80.69456655600003,0
361.0,362.0,100,15.956899999999996,15.92,16.01,5.068710299999998,80.88090085900005,0
362.0,363.0,100,15.964100000000002,15.91,16.01,5.068674400000002,80.91682693100003,0
363.0,364.0,100,15.939200000000001,15.92,15.970000000000002,5.069131400000001,80.79789605600003,0
364.0,365.0,100,15.910600000000008,15.89,15.93,5.0693169,80.65587058799998,0
365.0,366.0,100,15.913600000000004,15.879999999999999,15.94,5.068694300000001,80.66117683000006,0
366.0,367.0,100,15.877499999999996,15.84,15.93,5.068974299999999,80.48263920900001,0
367.0,368.0,100,15.934100000000003,15.89,15.959999999999999,5.0686227000000015,80.763934841,0
368.0,369.0,100,15.994699999999991,15.959999999999999,16.02,5.068547200000001,81.06989104200001,0
369.0,370.0,100,15.922300000000003,15.879999999999999,15.970000000000002,5.0687443000000005,80.70606824799997,0
370.0,371.0,100,15.970999999999995,15.959999999999999,15.99,5.068878800000001,80.955061558,0
371.0,372.0,100,15.977300000000007,15.95,16.0,5.068884300000001,80.98708565799998,0
372.0,373.0,104,15.957788461538447,15.92,15.99,5.068839134615383,80.88746266538463,0
373.0,374.0,100,15.954000000000006,15.94,15.98,5.068996400000002,80.87076852399998,0
374.0,375.0,100,15.952499999999999,15.92,16.01,5.068771699999998,80.85958195399999,0
375.0,376.0,100,16.025299999999994,15.98,16.049999999999997,5.0684830000000005,81.22396189599996,0
376.0,377.0,100,16.074099999999994,16.04,16.09,5.068581900000001,81.47289809200004,0
377.0,378.0,100,15.971499999999995,15.9,16.049999999999997,5.068762800000002,80.95573579799999,0
378.0,379.0,100,15.8425,15.8,15.9,5.0687671000000005,80.30193646499997,0
379.0,380.0,100,15.958699999999999,15.85,16.04,5.068626,80.88870344999998,0
380.0,381.0,100,15.937700000000007,15.85,16.02,5.068792499999999,80.78489073100003,0
381.0,382.0,100,15.95640000000001,15.89,16.029999999999998,5.0690859999999995,80.88437776199996,0
382.0,383.0,100,16.0256,15.99,16.060000000000002,5.0691636,81.23639125199999,0
383.0,384.0,100,15.9784,15.959999999999999,16.029999999999998,5.068709800000002,80.98987485899995,0
384.0,385.0,100,16.023400000000006,15.970000000000002,16.04,5.0687066,81.21791241400001,0
385.0,386.0,100,15.973600000000005,15.91,16.029999999999998,5.068968699999998,80.96967761099997,0
386.0,387.0,100,15.918600000000012,15.89,15.99,5.068832599999997,80.68871808399999,0
387.0,388.0,100,16.009200000000007,15.99,16.029999999999998,5.0690325000000005,81.151155185,0
388.0,389.0,100,16.022299999999998,15.99,16.049999999999997,5.069311900000001,81.22203290600001,0
389.0,390.0,100,16.05479999999999,16.02,16.119999999999997,5.0685412,81.374415624,0
390.0,391.0,100,16.062599999999996,15.98,16.13,5.068728599999999,81.41694954300003,0
391.0,392.0,100,15.934399999999998,15.89,15.98,5.068706800000002,80.76680132799997,0
392.0,393.0,100,15.941300000000002,15.92,15.959999999999999,5.068780500000002,80.80295088799997,0
393.0,394.0,100,15.9327,15.92,15.959999999999999,5.068512600000001,80.75509046399999,0
394.0,395.0,100,15.969199999999999,15.9,16.049999999999997,5.068618399999999,80.94179132800002,0
395.0,396.0,100,15.986000000000008,15.94,16.060000000000002,5.068635900000002,81.02719393800001,0
396.0,397.0,100,15.920299999999989,15.86,15.959999999999999,5.0688271,80.69724677500002,0
397.0,398.0,100,15.929099999999995,15.87,15.99,5.068902,80.74304984100004,0
398.0,399.0,100,15.952399999999999,15.91,16.02,5.069004500000001,80.86279213299997,0
399.0,400.0,100,16.0165,15.959999999999999,16.060000000000002,5.0685666000000005,81.18070022900002,0
400.0,401.0,100,15.995899999999994,15.93,16.07,5.068863200000001,81.08102973799997,0
401.0,402.0,100,15.982800000000001,15.92,16.060000000000002,5.068891700000002,81.01508506600001,0
402.0,403.0,100,16.005899999999997,15.94,16.07,5.0685649,81.126942901,0
403.0,404.0,100,15.998700000000012,15.959999999999999,16.029999999999998,5.068630800000001,81.09150196399999,0
404.0,405.0,100,16.001799999999992,15.98,16.029999999999998,5.068580400000002,81.10640815600001,0
405.0,406.0,100,15.948500000000001,15.91,15.98,5.0687376,80.83876295000003,0
406.0,407.0,100,15.935199999999993,15.91,15.959999999999999,5.0692140000000006,80.77893759200002,0
407.0,408.0,100,15.950900000000008,15.92,15.970000000000002,5.0689362,80.85409448099999,0
408.0,409.0,100,15.920700000000007,15.9,15.959999999999999,5.0689972999999995,80.701987031,0
409.0,410.0,100,15.95200000000001,15.91,15.99,5.068477100000002,80.85234289700001,0
410.0,411.0,100,15.881199999999998,15.85,15.93,5.068395100000002,80.492197493,0
411.0,412.0,100,15.929299999999998,15.91,15.959999999999999,5.068339100000002,80.735101842,0
412.0,413.0,100,15.9732,15.94,16.01,5.068533799999999,80.96070843000001,0
413.0,414.0,100,15.9625,15.92,16.0,5.068810499999999,80.91088702600001,0
414.0,415.0,100,15.986899999999991,15.93,16.060000000000002,5.068896299999999,81.035931453,0
415.0,416.0,100,15.987499999999999,15.959999999999999,16.02,5.068598400000001,81.03421620800006,0
416.0,417.0,100,15.926399999999997,15.89,15.970000000000002,5.068652899999999,80.72539613400001,0
417.0,418.0,100,15.980100000000004,15.91,16.02,5.068740500000002,80.99898363399996,0
418.0,419.0,100,16.039899999999996,16.01,16.060000000000002,5.069011400000003,81.30643431299997,0
419.0,420.0,100,16.007500000000007,15.99,16.060000000000002,5.0691111000000015,81.14379420599995,0
420.0,421.0,100,16.0048,15.94,16.060000000000002,5.0688426999999985,81.12581532199998,0
421.0,422.0,100,15.93569999999999,15.9,15.959999999999999,5.068879400000003,80.77614279600002,0
422.0,423.0,100,15.950599999999996,15.9,16.0,5.068633500000001,80.84774327899999,0
423.0,424.0,100,15.913799999999995,15.89,15.970000000000002,5.0690853,80.66841089600003,0
424.0,425.0,100,15.983900000000002,15.94,16.01,5.068871199999999,81.02032492999997,0
425.0,426.0,100,15.892800000000003,15.84,15.94,5.068787900000002,80.55723006600005,0
426.0,427.0,100,15.979800000000006,15.92,16.01,5.069107600000001,81.00332552999998,0
427.0,428.0,100,16.00390000000001,15.98,16.060000000000002,5.069334399999998,81.12911895599997,0
428.0,429.0,100,15.964700000000002,15.93,15.99,5.068929099999999,80.92393284800004,0
429.0,430.0,100,16.01490000000001,15.959999999999999,16.060000000000002,5.0687828999999995,81.17605294000003,0
430.0,431.0,100,15.991799999999998,15.92,16.060000000000002,5.068755099999999,81.05850589500002,0
431.0,432.0,100,15.936600000000002,15.89,15.99,5.068735299999999,80.77840831200001,0
432.0,433.0,100,16.062100000000004,15.99,16.1,5.0689069,81.41729115999999,0
433.0,434.0,100,16.060299999999998,16.029999999999998,16.1,5.068995999999999,81.40959655699997,0
434.0,435.0,100,16.01129999999999,15.99,16.060000000000002,5.069157200000002,81.16379655899999,0
435.0,436.0,100,16.0768,16.04,16.11,5.0691885,81.49632830399999,0
436.0,437.0,100,15.988900000000001,15.959999999999999,16.04,5.0690111999999985,81.04791610299999,0
437.0,438.0,100,16.045800000000007,16.01,16.060000000000002,5.069335499999998,81.34154359499999,0
438.0,439.0,100,15.987100000000003,15.92,16.02,5.068705799999998,81.03390829000003,0
439.0,440.0,100,15.916399999999987,15.89,15.959999999999999,5.0689749,80.67982881700001,0
440.0,441.0,100,15.9774,15.95,16.02,5.068732600000001,80.98516240400002,0
441.0,442.0,100,15.993200000000005,15.91,16.04,5.068761100000002,81.06570107700006,0
442.0,443.0,100,15.906499999999998,15.87,15.970000000000002,5.0692193,80.633536241,0
443.0,444.0,100,16.007700000000003,15.970000000000002,16.060000000000002,5.069189800000003,81.14606900099997,0
444.0,445.0,100,15.995099999999999,15.94,16.04,5.068751100000001,81.07518132000003,0
445.0,446.0,100,15.949699999999996,15.92,15.98,5.068926499999998,80.847856622,0
446.0,447.0,100,15.909100000000002,15.879999999999999,15.94,5.0689309,80.64212806100002,0
447.0,448.0,100,15.954400000000003,15.92,15.98,5.0691362999999985,80.875030123,0
448.0,449.0,100,15.981399999999997,15.970000000000002,16.01,5.069295200000002,81.01443515199999,0
449.0,450.0,100,15.994300000000003,15.94,16.01,5.0692153,81.07855118,0
450.0,451.0,100,15.9874,15.92,16.080000000000002,5.068840600000001,81.037578384,0
451.0,452.0,100,16.0622,15.99,16.11,5.068913600000001,81.41790513000002,0
452.0,453.0,100,15.999300000000002,15.98,16.029999999999998,5.068951800000002,81.09968103300002,0
453.0,454.0,100,15.970099999999993,15.92,16.029999999999998,5.068695599999998,80.94757668300002,0
454.0,455.0,100,15.947799999999994,15.92,15.970000000000002,5.068622599999999,80.83337576799998,0
455.0,456.0,100,15.9469,15.92,16.01,5.068894900000003,80.83316387299996,0
456.0,457.0,100,15.991100000000012,15.92,16.01,5.0689089,81.05743427699998,0
457.0,458.0,100,15.8873,15.84,15.92,5.069154700000001,80.53517998300002,0
458.0,459.0,100,15.84420000000001,15.83,15.87,5.069069099999997,80.31534410900005,0
459.0,460.0,100,15.914899999999996,15.87,15.970000000000002,5.069065599999999,80.67367297899996,0
460.0,461.0,100,15.948999999999995,15.91,15.99,5.0688873999999995,80.843683794,0
461.0,462.0,100,15.904199999999998,15.879999999999999,15.959999999999999,5.0689416,80.61746194199999,0
462.0,463.0,100,15.912600000000003,15.86,15.959999999999999,5.0688636,80.658800068,0
463.0,464.0,100,15.916800000000002,15.879999999999999,15.94,5.068968999999998,80.68176781600002,0
464.0,465.0,100,15.90659999999999,15.85,15.98,5.069058000000004,80.63147746200003,0
465.0,466.0,100,16.0001,15.98,16.029999999999998,5.068642099999998,81.09878508599998,0
466.0,467.0,100,15.999699999999999,15.959999999999999,16.029999999999998,5.068777499999999,81.09891736499998,0
467.0,468.0,100,15.9871,15.959999999999999,16.07,5.068699,81.03379541999998,0
468.0,469.0,100,16.051899999999993,16.029999999999998,16.07,5.068651899999999,81.361496729,0
469.0,470.0,100,16.0287,15.93,16.09,5.068777099999999,81.24590465699995,0
470.0,471.0,100,15.93919999999999,15.92,15.959999999999999,5.0688919,80.79408485899998,0
471.0,472.0,100,15.965299999999997,15.94,16.0,5.0688365000000015,80.92549109800001,0
472.0,473.0,100,15.974299999999994,15.93,16.029999999999998,5.068759199999997,80.96987800500001,0
473.0,474.0,100,16.041200000000003,16.0,16.080000000000002,5.0689362000000004,81.31182269199996,0
474.0,475.0,100,16.000799999999995,15.91,16.04,5.068781099999996,81.10455753500001,0
475.0,476.0,100,15.8925,15.85,15.959999999999999,5.068600300000001,80.552733603,0
476.0,477.0,100,16.036900000000003,15.959999999999999,16.11,5.0691468,81.29339922100003,0
477.0,478.0,100,16.032900000000005,16.0,16.060000000000002,5.069310100000002,81.27574096900003,0
478.0,479.0,100,16.052600000000005,16.0,16.09,5.069168900000001,81.37333941600005,0
479.0,480.0,100,15.979799999999996,15.94,16.02,5.068720699999999,80.99713778599997,0
480.0,481.0,100,15.9905,15.970000000000002,16.029999999999998,5.069242299999998,81.05972391400002,0
481.0,482.0,100,16.0381,16.01,16.080000000000002,5.068766600000002,81.29338624700002,0
482.0,483.0,100,15.984600000000006,15.9,16.04,5.0689595999999995,81.02527537800005,0
483.0,484.0,100,15.901900000000007,15.85,15.99,5.069144599999999,80.60903295099999,0
484.0,485.0,100,16.023600000000002,15.99,16.060000000000002,5.0688545000000005,81.22130034300001,0
485.0,486.0,100,16.05959999999999,15.99,16.13,5.068990800000001,81.40597484999998,0
486.0,487.0,100,15.998900000000003,15.959999999999999,16.04,5.068835600000001,81.095796427,0
487.0,488.0,100,15.9731,15.91,16.029999999999998,5.068998500000001,80.96762371400001,0
488.0,489.0,100,15.976400000000002,15.91,16.049999999999997,5.069191399999999,80.98743756300001,0
489.0,490.0,100,15.990500000000004,15.959999999999999,16.049999999999997,5.0689451,81.05496981999998,0
490.0,491.0,100,16.0109,15.99,16.049999999999997,5.068987399999999,81.15905079200002,0
491.0,492.0,100,15.964299999999994,15.91,15.99,5.0685966,80.916596978,0
492.0,493.0,100,15.932100000000005,15.91,15.959999999999999,5.068684799999997,80.754793202,0
493.0,494.0,100,15.926000000000002,15.91,15.94,5.068776399999997,80.72533322199999,0
494.0,495.0,100,15.946999999999992,15.92,16.029999999999998,5.068770000000001,80.83167766999999,0
495.0,496.0,100,16.016399999999987,15.970000000000002,16.060000000000002,5.068924,81.18591463199999,0
496.0,497.0,100,15.920600000000011,15.89,15.970000000000002,5.0689158,80.70018310799998,0
497.0,498.0,100,16.0072,15.93,16.049999999999997,5.069087000000003,81.14188685799998,0
498.0,499.0,100,15.999800000000002,15.959999999999999,16.049999999999997,5.068922299999999,81.101750508,0
499.0,500.0,100,16.0404,15.970000000000002,16.080000000000002,5.068977700000002,81.308431435,0
500.0,501.0,100,15.955900000000002,15.93,15.99,5.068728200000001,80.87612205800004,0
501.0,502.0,100,15.968199999999994,15.94,16.01,5.068779700000001,80.93928893000002,0
502.0,503.0,100,15.986100000000004,15.970000000000002,16.0,5.068709500000001,81.02889653800001,0
503.0,504.0,100,15.98349999999999,15.94,16.0,5.068710100000002,81.01573236399999,0
504.0,505.0,100,15.951399999999998,15.92,15.98,5.068523199999999,80.85004422799997,0
505.0,506.0,100,15.927999999999994,15.879999999999999,15.98,5.068976700000002,80.73865799300002,0
506.0,507.0,100,15.901199999999998,15.879999999999999,15.92,5.069284300000002,80.60770215700006,0
507.0,508.0,100,15.889200000000002,15.84,15.94,5.0688801,80.54044925800001,0
508.0,509.0,100,15.961700000000002,15.92,15.99,5.068924800000001,80.90865275300003,0
509.0,510.0,100,15.967099999999995,15.9,15.99,5.069013599999999,80.93744659400001,0
510.0,511.0,100,15.891199999999998,15.85,15.92,5.068475800000001,80.54416105800006,0
511.0,512.0,100,15.951799999999999,15.9,16.0,5.0690089999999985,80.85982788500003,0
512.0,513.0,100,15.931200000000006,15.89,16.0,5.068560900000001,80.74825730700006,0
513.0,514.0,100,15.971700000000006,15.92,16.0,5.068667899999999,80.95524664799999,0
514.0,515.0,100,15.930200000000003,15.9,15.99,5.0689812000000005,80.74988055099996,0
515.0,516.0,100,16.00220000000001,15.91,16.049999999999997,5.069179499999999,81.11803112100002,0
516.0,517.0,100,15.99230000000001,15.959999999999999,16.060000000000002,5.068978200000003,81.06462059599997,0
517.0,518.0,100,16.020500000000006,15.89,16.060000000000002,5.068901599999998,81.20633734799998,0
518.0,519.0,100,15.928600000000001,15.91,15.970000000000002,5.068509199999999,80.73425483900004,0
519.0,520.0,100,15.923200000000001,15.89,15.970000000000002,5.0689001000000005,80.71311088300003,0
520.0,521.0,100,15.91770000000001,15.89,15.959999999999999,5.068624200000001,80.680846433,0
521.0,522.0,100,15.9523,15.92,15.99,5.068887099999997,80.86040306500004,0
522.0,523.0,100,16.0098,15.970000000000002,16.04,5.068880200000001,81.151757402,0
523.0,524.0,100,15.93950000000001,15.91,15.98,5.0686329,80.79147624299999,0
524.0,525.0,100,15.973100000000004,15.92,16.029999999999998,5.0689439,80.966756465,0
525.0,526.0,100,16.012300000000003,15.959999999999999,16.04,5.068813400000001,81.16336050700001,0
526.0,527.0,100,15.972199999999985,15.959999999999999,15.99,5.068839999999996,80.960526181,0
527.0,528.0,100,15.969200000000003,15.959999999999999,16.0,5.069167400000001,80.95054810799999,0
528.0,529.0,100,16.0056,15.959999999999999,16.02,5.0689888,81.132207576,0
529.0,530.0,100,15.926499999999995,15.89,15.959999999999999,5.068974800000001,80.731027523,0
530.0,531.0,100,15.9727,15.91,15.99,5.0689996000000015,80.96560305999998,0
531.0,532.0,100,16.011,15.98,16.080000000000002,5.069057999999997,81.16068781,0
532.0,533.0,100,16.042700000000014,15.95,16.09,5.0690038999999985,81.32051457400004,0
533.0,534.0,100,15.946999999999996,15.9,15.99,5.0684992,80.82735616999997,0
534.0,535.0,100,15.934200000000006,15.9,15.970000000000002,5.068363400000002,80.76031334900003,0
535.0,536.0,100,15.960099999999995,15.879999999999999,15.99,5.0685561,80.894661265,0
536.0,537.0,100,15.884799999999997,15.84,15.959999999999999,5.068662299999999,80.51468479399996,0
537.0,538.0,100,15.974000000000002,15.95,16.01,5.069137000000001,80.97439401000001,0
538.0,539.0,100,15.997799999999996,15.959999999999999,16.04,5.068267800000003,81.08113019000001,0
539.0,540.0,100,15.953199999999997,15.86,16.04,5.068846699999999,80.86431871600001,0
540.0,541.0,100,15.914399999999992,15.86,16.0,5.068662200000001,80.66471264800002,0
541.0,542.0,100,16.031299999999987,15.99,16.09,5.068666899999999,81.257336451,0
542.0,543.0,100,15.974700000000002,15.93,16.029999999999998,5.0690164000000015,80.97601726499997,0
543.0,544.0,100,16.0159,15.959999999999999,16.060000000000002,5.068954400000001,81.183868596,0
544.0,545.0,100,16.018699999999995,15.99,16.07,5.068509999999999,81.19094267800001,0
545.0,546.0,100,16.006200000000007,15.959999999999999,16.060000000000002,5.0690040000000005,81.135490474,0
546.0,547.0,100,15.966199999999997,15.92,16.0,5.068943299999999,80.93175951400006,0
547.0,548.0,100,15.965500000000004,15.93,16.0,5.0686284,80.92319075000002,0
548.0,549.0,100,15.966400000000002,15.93,15.99,5.0684351,80.92465990000005,0
549.0,550.0,100,15.993700000000006,15.959999999999999,16.029999999999998,5.068719900000004,81.06758004800001,0
550.0,551.0,100,15.881599999999988,15.82,15.959999999999999,5.069020400000002,80.50415646400003,0
551.0,552.0,100,15.871599999999999,15.82,15.91,5.0689221999999985,80.451905596,0
552.0,553.0,100,15.954099999999999,15.879999999999999,16.0,5.068906499999997,80.86983554299998,0
553.0,554.0,100,15.97270000000001,15.95,15.99,5.069118199999998,80.96750311499997,0
554.0,555.0,100,15.9126,15.86,15.959999999999999,5.0690784,80.66221185799999,0
555.0,556.0,100,15.978899999999994,15.92,16.029999999999998,5.068752899999999,80.99309333400001,0
556.0,557.0,100,15.990700000000011,15.95,16.029999999999998,5.068656999999997,81.05137316799998,0
557.0,558.0,100,15.991100000000005,15.959999999999999,16.04,5.068879699999998,81.05696432700002,0
558.0,559.0,100,16.013399999999994,15.99,16.060000000000002,5.068950500000002,81.171128809,0
559.0,560.0,100,16.024899999999995,15.99,16.060000000000002,5.068676199999998,81.225026239,0
560.0,561.0,100,16.071099999999998,16.02,16.13,5.0691408,81.46666592000001,0
561.0,562.0,100,16.022699999999997,15.9,16.13,5.069041900000001,81.21974628699998,0
562.0,563.0,100,15.9103,15.89,15.94,5.068716200000002,80.64479529799998,0
563.0,564.0,100,15.978600000000009,15.92,16.02,5.0686972,80.99068167399999,0
564.0,565.0,100,15.973300000000009,15.92,16.02,5.0687098,80.96401863999996,0
565.0,566.0,100,15.924599999999993,15.9,15.98,5.069049700000001,80.72258839400003,0
566.0,567.0,100,15.984099999999998,15.959999999999999,16.01,5.069004799999999,81.02347879200005,0
567.0,568.0,100,16.029399999999995,15.99,16.09,5.068879699999997,81.25109495900006,0
568.0,569.0,100,15.92849999999999,15.85,16.029999999999998,5.068862800000002,80.73937242900001,0
569.0,570.0,100,15.901599999999998,15.879999999999999,15.94,5.0691381999999985,80.60740747599996,0
570.0,571.0,100,15.9919,15.94,16.060000000000002,5.0688954,81.061264281,0
571.0,572.0,100,15.981900000000003,15.92,16.04,5.068999200000001,81.01224184900002,0
572.0,573.0,100,15.946399999999999,15.9,15.99,5.0688888,80.83052917599998,0
573.0,574.0,100,15.952599999999993,15.92,15.99,5.068669999999998,80.85846450799997,0
574.0,575.0,100,15.922499999999992,15.89,15.970000000000002,5.068744700000001,80.70708738900001,0
575.0,576.0,100,15.979500000000003,15.92,16.029999999999998,5.068783500000001,80.99663013499998,0
576.0,577.0,100,15.917399999999988,15.879999999999999,15.959999999999999,5.0686771,80.68015979500004,0
577.0,578.0,100,15.972899999999994,15.95,16.02,5.068956700000001,80.96593785299999,0
578.0,579.0,100,15.895699999999994,15.86,15.95,5.068477899999999,80.56700693099998,0
579.0,580.0,100,15.9676,15.92,16.0,5.069187099999999,80.94275423599997,0
580.0,581.0,100,15.970899999999997,15.94,15.99,5.069157100000002,80.959001505,0
581.0,582.0,100,15.979699999999996,15.94,16.02,5.0692628,81.00529966299999,0
582.0,583.0,100,16.021699999999996,15.94,16.11,5.068838699999999,81.21142128899997,0
583.0,584.0,100,16.063900000000004,16.0,16.11,5.068918999999997,81.42660560699998,0
584.0,585.0,100,16.0062,15.970000000000002,16.029999999999998,5.069224399999998,81.13901953399997,0
585.0,586.0,100,15.962200000000003,15.93,16.02,5.068781100000002,80.90890357499998,0
586.0,587.0,100,15.965700000000004,15.92,16.02,5.069172499999999,80.93288482000003,0
587.0,588.0,100,15.980099999999997,15.92,16.01,5.068688100000001,80.99814333200001,0
588.0,589.0,100,15.922100000000002,15.9,15.94,5.068969,80.70863169100002,0
589.0,590.0,100,15.940899999999994,15.91,15.959999999999999,5.068990300000001,80.80426674500002,0
590.0,591.0,100,15.957399999999996,15.92,15.99,5.068486999999998,80.87987274800001,0
591.0,592.0,100,15.881499999999996,15.85,15.959999999999999,5.0687978,80.50012037200001,0
592.0,593.0,100,15.967000000000002,15.89,16.02,5.0688644,80.93456315599997,0
593.0,594.0,100,16.04330000000001,16.01,16.07,5.0684595,81.31481525500001,0
594.0,595.0,100,15.9927,15.91,16.04,5.069055200000001,81.06786970300001,0
595.0,596.0,100,15.947499999999986,15.91,15.99,5.068790300000001,80.83452612299995,0
596.0,597.0,100,15.943600000000002,15.92,15.970000000000002,5.068696600000003,80.81326858000003,0
597.0,598.0,100,15.964399999999996,15.92,15.99,5.0690162999999995,80.92380655500003,0
598.0,599.0,100,15.991800000000007,15.959999999999999,16.04,5.068604499999999,81.05610816599996,0
599.0,600.0,100,16.004199999999997,15.970000000000002,16.060000000000002,5.0687104000000005,81.12065502000002,0
600.0,601.0,100,16.007700000000003,15.93,16.060000000000002,5.069012100000001,81.143219651,0
601.0,602.0,100,15.949200000000006,15.92,15.98,5.069078300000002,80.847744748,0
602.0,603.0,100,15.95309999999999,15.93,15.970000000000002,5.068870900000001,80.86420457900002,0
603.0,604.0,100,16.017699999999998,15.959999999999999,16.07,5.0685666,81.186780356,0
604.0,605.0,100,15.996200000000005,15.95,16.060000000000002,5.069122299999997,81.08669599099996,0
605.0,606.0,100,15.654900000000003,3.72,15.95,5.0688724,79.35130912400003,0
606.0,607.0,100,16.403599999999994,15.72,32.559999999999995,5.0697329,83.16198448200001,0
607.0,608.0,100,17.858099999999993,17.26,18.37,5.0684736,90.51296807199998,0
608.0,609.0,100,18.375600000000002,17.93,18.450000000000003,5.0676198999999995,93.12055091099998,0
609.0,610.0,100,16.842599999999997,15.970000000000002,17.93,5.068523699999999,85.36698121399996,0
610.0,611.0,100,16.03770000000001,15.99,16.07,5.069059400000001,81.29604775700001,0
611.0,612.0,100,16.02230000000001,15.98,16.060000000000002,5.068768200000001,81.21332293899997,0
612.0,613.0,100,16.01230000000001,15.99,16.029999999999998,5.0690564,81.16725172899999,0
613.0,614.0,100,15.986299999999998,15.95,16.02,5.068799899999999,81.03135743300001,0
614.0,615.0,100,15.944199999999995,15.92,15.98,5.068876199999998,80.819175779,0
615.0,616.0,100,15.999099999999995,15.970000000000002,16.029999999999998,5.068570499999998,81.09256584400003,0
616.0,617.0,100,15.997399999999995,15.98,16.029999999999998,5.068819699999999,81.08793511000003,0
617.0,618.0,100,15.999399999999998,15.959999999999999,16.029999999999998,5.0687463,81.09689393799998,0
618.0,619.0,100,15.9603,15.93,15.99,5.069102599999999,80.90439694899999,0
619.0,620.0,100,15.975499999999997,15.92,16.01,5.068888099999999,80.978020167,0
620.0,621.0,100,15.911300000000002,15.83,15.99,5.068632800000002,80.64852861399999,0
621.0,622.0,100,15.9304,15.86,16.02,5.068947499999999,80.75035363699999,0
622.0,623.0,100,15.997799999999993,15.959999999999999,16.029999999999998,5.068766299999999,81.08910868300002,0
623.0,624.0,100,15.949300000000006,15.92,15.99,5.068535799999999,80.83959635999999,0
624.0,625.0,100,15.931400000000005,15.89,15.98,5.068665399999999,80.75093559799998,0
625.0,626.0,100,15.984399999999999,15.959999999999999,16.029999999999998,5.068834800000001,81.02228903799997,0
626.0,627.0,100,16.03740000000001,16.0,16.07,5.0687983999999995,81.29034759999998,0
627.0,628.0,100,15.96580000000002,15.91,16.04,5.068759299999999,80.92679158,0
628.0,629.0,100,15.938700000000008,15.9,15.99,5.0691549,80.79574104299998,0
629.0,630.0,100,16.008200000000006,15.970000000000002,16.060000000000002,5.0691597999999995,81.14812348599999,0
630.0,631.0,100,16.052799999999998,16.01,16.09,5.068707199999998,81.36694149400002,0
631.0,632.0,100,16.011699999999994,15.959999999999999,16.09,5.069275600000001,81.16771941700001,0
632.0,633.0,100,15.946899999999996,15.91,15.959999999999999,5.0690935999999995,80.836327008,0
633.0,634.0,100,15.899300000000002,15.83,15.95,5.069053900000002,80.59441260700002,0
634.0,635.0,100,15.937,15.879999999999999,15.99,5.068630200000001,80.778762646,0
635.0,636.0,100,15.9678,15.94,15.99,5.068888599999998,80.938999694,0
636.0,637.0,100,15.936299999999994,15.89,15.959999999999999,5.0687033,80.77637672999997,0
637.0,638.0,100,15.950000000000006,15.89,15.99,5.068704300000001,80.84583524699998,0
638.0,639.0,100,15.970999999999993,15.94,16.01,5.068899599999999,80.95539635400004,0
639.0,640.0,100,16.002999999999993,15.99,16.029999999999998,5.068856700000001,81.11690877200002,0
640.0,641.0,100,16.001900000000003,15.98,16.029999999999998,5.068727299999998,81.10926619699998,0
641.0,642.0,100,15.924699999999993,15.89,15.98,5.068616800000001,80.71620162,0
642.0,643.0,100,16.0005,15.95,16.04,5.068684300000002,81.10148574200001,0
643.0,644.0,100,16.01229999999999,15.99,16.029999999999998,5.0690005,81.16635660499998,0
644.0,645.0,100,16.0082,15.95,16.060000000000002,5.068787499999999,81.14216715500001,0
645.0,646.0,100,15.9276,15.89,15.95,5.068609400000001,80.73077990399999,0
646.0,647.0,100,15.933800000000002,15.89,15.99,5.068513499999999,80.76067536100001,0
647.0,648.0,100,16.017799999999983,15.99,16.07,5.068689799999999,81.189252428,0
648.0,649.0,100,16.100899999999996,16.060000000000002,16.13,5.068711499999999,81.61081560400001,0
649.0,650.0,100,15.983600000000012,15.92,16.060000000000002,5.068780200000002,81.01735022599998,0
650.0,651.0,100,15.951699999999999,15.92,15.99,5.068948899999999,80.85834900100005,0
651.0,652.0,100,15.981200000000008,15.959999999999999,16.01,5.0686373000000025,81.00290443299996,0
652.0,653.0,100,15.965199999999989,15.93,16.02,5.068748199999997,80.92358114999996,0
653.0,654.0,100,15.967599999999992,15.89,16.01,5.069128699999999,80.94181331899998,0
654.0,655.0,100,15.881599999999999,15.85,15.95,5.0689494,80.50301440800001,0
655.0,656.0,100,15.978100000000005,15.95,16.0,5.068895799999998,80.99132811700004,0
656.0,657.0,100,15.956699999999994,15.93,15.99,5.068544700000002,80.87724912599994,0
657.0,658.0,100,15.930300000000004,15.92,15.959999999999999,5.068373799999999,80.74071255599996,0
658.0,659.0,100,15.974999999999996,15.959999999999999,15.99,5.068287,80.96588722999998,0
659.0,660.0,100,15.965299999999997,15.93,15.99,5.068529100000003,80.92059016199997,0
660.0,661.0,100,15.971500000000006,15.93,16.01,5.0686344000000005,80.953692642,0
661.0,662.0,100,16.01459999999999,15.94,16.1,5.068710800000002,81.173371816,0
662.0,663.0,100,16.0358,15.98,16.1,5.068540100000002,81.27809862399998,0
663.0,664.0,100,15.9708,15.94,15.99,5.068235799999997,80.94378024999997,0
664.0,665.0,100,16.009899999999988,15.959999999999999,16.060000000000002,5.068648499999998,81.14855758400002,0
665.0,666.0,100,15.993899999999995,15.94,16.049999999999997,5.068884999999999,81.07124141400003,0
666.0,667.0,100,15.914100000000007,15.85,15.970000000000002,5.068766500000002,80.66486087799997,0
667.0,668.0,100,15.909100000000002,15.85,15.959999999999999,5.0688615,80.64102770200002,0
668.0,669.0,100,15.932900000000007,15.91,15.959999999999999,5.068733599999998,80.759620956,0
669.0,670.0,100,15.942500000000003,15.9,15.98,5.068794599999998,80.80925590499999,0
670.0,671.0,100,15.923899999999994,15.85,15.99,5.068940400000001,80.71730112900002,0
671.0,672.0,100,15.980200000000004,15.959999999999999,16.01,5.068808500000001,81.00057228700003,0
672.0,673.0,100,15.974499999999988,15.86,16.029999999999998,5.0686681999999985,80.96943428299996,0
673.0,674.0,100,15.872800000000003,15.84,15.94,5.069163399999998,80.461816122,0
674.0,675.0,100,15.9824,15.94,16.02,5.0689915999999995,81.01465158399999,0
675.0,676.0,100,15.96199999999999,15.93,15.99,5.068891899999999,80.90965373200001,0
676.0,677.0,100,15.979099999999988,15.95,16.0,5.0688496,80.99565682800002,0
677.0,678.0,100,16.0279,15.99,16.080000000000002,5.06867,81.24013243099998,0
678.0,679.0,100,16.0328,15.959999999999999,16.080000000000002,5.068930399999998,81.26914653599998,0
679.0,680.0,100,15.961099999999995,15.93,15.98,5.068995099999998,80.90673904600001,0
680.0,681.0,100,15.945,15.91,16.0,5.0688987999999995,80.82359259600003,0
681.0,682.0,100,16.0038,15.94,16.07,5.068960400000003,81.12264117699999,0
682.0,683.0,100,16.04319999999999,15.970000000000002,16.07,5.0691768,81.32582038100004,0
683.0,684.0,100,15.988600000000005,15.93,16.029999999999998,5.0685468,81.03896639199998,0
684.0,685.0,100,15.935300000000007,15.9,15.959999999999999,5.0690928,80.77751445599999,0
685.0,686.0,100,15.941799999999985,15.9,16.0,5.069049700000001,80.80978327000003,0
686.0,687.0,100,15.997299999999989,15.94,16.080000000000002,5.068379000000001,81.08038214799997,0
687.0,688.0,100,16.027299999999997,15.98,16.07,5.068667499999999,81.23704956,0
688.0,689.0,100,16.021300000000004,15.99,16.060000000000002,5.068741200000002,81.207823121,0
689.0,690.0,100,15.972999999999987,15.92,16.029999999999998,5.068663799999998,80.961766338,0
690.0,691.0,100,15.959299999999995,15.93,15.98,5.069191699999998,80.90075146700003,0
691.0,692.0,100,15.978299999999994,15.95,16.029999999999998,5.0692730999999975,80.99836536499998,0
692.0,693.0,100,15.98049999999999,15.94,15.99,5.068766900000001,81.00142628599998,0
693.0,694.0,100,15.955400000000008,15.92,15.99,5.068771499999999,80.87427584500001,0
694.0,695.0,100,15.975100000000007,15.94,15.99,5.069215099999999,80.98122176199996,0
695.0,696.0,100,16.011499999999995,15.970000000000002,16.060000000000002,5.068896299999999,81.16063077299998,0
696.0,697.0,100,16.0441,16.029999999999998,16.080000000000002,5.068519599999998,81.31983619800002,0
697.0,698.0,100,16.044499999999996,16.0,16.080000000000002,5.068723500000001,81.32513642300002,0
698.0,699.0,100,16.010900000000014,15.99,16.060000000000002,5.0687355000000025,81.15501324300004,0
699.0,700.0,100,16.00410000000001,15.98,16.04,5.068787,81.121374763,0
700.0,701.0,100,15.937299999999999,15.879999999999999,16.0,5.068458999999998,80.777546015,0
701.0,702.0,100,15.9478,15.89,16.0,5.068681799999999,80.83432260199999,0
702.0,703.0,100,15.941199999999995,15.85,16.029999999999998,5.0689076,80.80446853799997,0
703.0,704.0,100,16.0163,15.959999999999999,16.049999999999997,5.0685955,81.180147043,0
704.0,705.0,100,15.977499999999996,15.959999999999999,16.01,5.0686013999999995,80.98357970400001,0
705.0,706.0,100,15.981699999999988,15.95,16.01,5.0685405,81.003894144,0
706.0,707.0,100,15.912500000000007,15.83,15.99,5.0688425,80.65794866300001,0
707.0,708.0,100,15.908500000000005,15.83,15.98,5.0687587999999995,80.63635752500005,0
708.0,709.0,100,15.968800000000005,15.94,15.99,5.0690005,80.94585450000001,0
709.0,710.0,100,15.959400000000002,15.95,16.0,5.0690506,80.89900623000003,0
710.0,711.0,100,16.0676,16.0,16.11,5.0689009,81.44506785000002,0
711.0,712.0,100,16.002599999999997,15.959999999999999,16.060000000000002,5.068536299999999,81.10975606500003,0
712.0,713.0,100,16.007399999999986,15.959999999999999,16.049999999999997,5.0688839,81.13964637000001,0
713.0,714.0,100,15.976300000000002,15.94,16.01,5.0689565,80.98316604400001,0
714.0,715.0,100,15.985900000000008,15.959999999999999,16.01,5.0687330000000035,81.02826264100001,0
715.0,716.0,100,15.966699999999998,15.94,15.99,5.068764600000001,80.93143829199998,0
716.0,717.0,100,15.912900000000004,15.89,15.95,5.068764599999997,80.65874333799998,0
717.0,718.0,100,15.947199999999992,15.92,15.970000000000002,5.0688075,80.83328627499999,0
718.0,719.0,100,16.024799999999995,15.959999999999999,16.060000000000002,5.0691316,81.23182442999999,0
719.0,720.0,100,15.961,15.91,16.04,5.068639899999999,80.900569346,0
720.0,721.0,100,15.9255,15.89,15.95,5.068840400000001,80.72381890600005,0
721.0,722.0,100,15.940499999999997,15.89,15.98,5.0689499,80.80158797000001,0
722.0,723.0,100,15.944500000000007,15.92,15.99,5.068538300000003,80.81531265799998,0
723.0,724.0,100,15.9323,15.89,15.99,5.068815900000001,80.75789107399999,0
724.0,725.0,100,15.961099999999998,15.92,16.0,5.069370400000002,80.91272386599998,0
725.0,726.0,100,15.954300000000002,15.92,15.98,5.069164699999999,80.87497347599998,0
726.0,727.0,100,15.970499999999998,15.959999999999999,16.01,5.068934099999998,80.95341172599996,0
727.0,728.0,100,15.996399999999998,15.95,16.01,5.068698900000001,81.08093467500001,0
728.0,729.0,100,15.970699999999997,15.95,16.02,5.068738399999999,80.951299439,0
729.0,730.0,100,16.040399999999995,16.0,16.07,5.068696300000002,81.30392424800002,0
730.0,731.0,100,16.015900000000006,15.95,16.060000000000002,5.068611299999999,81.17837586200001,0
731.0,732.0,100,15.944100000000006,15.92,15.959999999999999,5.068838599999999,80.81806974799997,0
732.0,733.0,100,15.994599999999995,15.959999999999999,16.02,5.068766900000001,81.07290099400002,0
733.0,734.0,100,16.006999999999998,15.98,16.049999999999997,5.069005400000003,81.13956698099999,0
734.0,735.0,100,16.013699999999993,15.98,16.04,5.0686496,81.16783400399999,0
735.0,736.0,100,15.924999999999992,15.879999999999999,15.99,5.068919000000001,80.72253666100002,0
736.0,737.0,100,15.931899999999999,15.89,15.99,5.068748800000001,80.75479951300001,0
737.0,738.0,100,15.948200000000009,15.9,15.98,5.0687812999999995,80.83793703999997,0
738.0,739.0,100,15.982499999999996,15.9,16.029999999999998,5.068776900000001,81.0117238,0
739.0,740.0,100,15.871399999999998,15.82,15.95,5.068465899999999,80.44364650600002,0
740.0,741.0,100,15.920700000000004,15.87,15.959999999999999,5.068751999999999,80.69807737799998,0
741.0,742.0,100,15.889600000000007,15.82,15.959999999999999,5.068719699999999,80.53992443399997,0
742.0,743.0,100,15.830499999999986,15.78,15.89,5.068877899999999,80.24286991900004,0
743.0,744.0,100,15.924999999999999,15.85,15.970000000000002,5.069006199999999,80.723912406,0
744.0,745.0,100,15.987099999999996,15.970000000000002,16.01,5.069091800000002,81.04007656399997,0
745.0,746.0,100,16.018500000000003,15.98,16.060000000000002,5.069105400000001,81.199464242,0
746.0,747.0,100,15.998800000000008,15.970000000000002,16.029999999999998,5.068616199999998,81.09177849800004,0
747.0,748.0,100,15.993800000000006,15.959999999999999,16.02,5.068946799999999,81.07171783600003,0
748.0,749.0,100,15.98920000000001,15.95,16.029999999999998,5.0689764,81.04887653800002,0
749.0,750.0,100,15.996400000000001,15.95,16.04,5.069172899999999,81.08851834900003,0
750.0,751.0,100,15.954699999999999,15.91,16.02,5.068931700000003,80.87327908099999,0
751.0,752.0,100,16.077800000000007,16.02,16.11,5.0686022,81.49196777800002,0
752.0,753.0,100,16.039899999999992,15.99,16.1,5.0683507,81.29583415499997,0
753.0,754.0,100,15.987099999999996,15.959999999999999,16.0,5.068955400000003,81.037896593,0
754.0,755.0,100,16.004500000000004,15.95,16.04,5.068702900000002,81.12206334400001,0
755.0,756.0,100,15.934899999999999,15.9,15.970000000000002,5.068814399999998,80.77105522299998,0
756.0,757.0,100,15.931099999999994,15.9,15.959999999999999,5.0692220999999975,80.75828471300002,0
757.0,758.0,100,15.904400000000006,15.879999999999999,15.95,5.068807100000001,80.61633801500003,0
758.0,759.0,100,15.958899999999998,15.89,15.99,5.068848500000001,80.89325081,0
759.0,760.0,100,15.998400000000013,15.970000000000002,16.029999999999998,5.069056099999999,81.096787642,0
760.0,761.0,100,15.998800000000008,15.98,16.02,5.0684951,81.08983716,0
761.0,762.0,100,15.975600000000007,15.94,16.0,5.068969500000001,80.979828122,0
762.0,763.0,100,15.967300000000007,15.93,16.0,5.069131600000001,80.94034746099996,0
763.0,764.0,100,16.079000000000004,15.99,16.13,5.069198100000003,81.50763713999996,0
764.0,765.0,100,15.986999999999991,15.89,16.09,5.068644800000001,81.03243204599997,0
765.0,766.0,100,15.923999999999998,15.89,15.99,5.068807599999997,80.71569140199999,0
766.0,767.0,100,16.01610000000001,15.970000000000002,16.049999999999997,5.068963100000003,81.18501445800001,0
767.0,768.0,100,15.964599999999995,15.93,16.029999999999998,5.0691428,80.926833994,0
768.0,769.0,100,15.991399999999995,15.959999999999999,16.029999999999998,5.069013899999998,81.060635038,0
769.0,770.0,100,15.9674,15.92,16.0,5.068809200000001,80.93570370200003,0
770.0,771.0,100,15.976500000000005,15.94,16.01,5.068757699999999,80.981006148,0
771.0,772.0,100,15.9828,15.95,16.04,5.068720400000003,81.01234429599998,0
772.0,773.0,100,15.966700000000003,15.94,15.99,5.068565499999997,80.92826315800002,0
773.0,774.0,100,15.937200000000002,15.91,15.970000000000002,5.0688853,80.78384400599998,0
774.0,775.0,100,15.942500000000008,15.91,15.970000000000002,5.068716299999998,80.80800534700003,0
775.0,776.0,100,15.968100000000005,15.91,16.02,5.0688066,80.93920996400001,0
776.0,777.0,100,15.952799999999996,15.9,16.02,5.068621200000002,80.85870118399998,0
777.0,778.0,100,15.943700000000005,15.9,15.99,5.068840500000002,80.816075607,0
778.0,779.0,100,16.004400000000004,15.970000000000002,16.029999999999998,5.068648100000002,81.12067546099999,0
779.0,780.0,100,15.979800000000006,15.95,16.01,5.0691099,81.003363209,0
780.0,781.0,100,15.990399999999998,15.93,16.02,5.068547400000002,81.048101108,0
781.0,782.0,100,15.968100000000003,15.93,16.04,5.068532600000001,80.93483616199998,0
782.0,783.0,100,15.978399999999997,15.93,16.04,5.068581699999999,80.987823882,0
783.0,784.0,100,16.048599999999997,15.98,16.1,5.068774499999999,81.34673315099998,0
784.0,785.0,100,15.963499999999998,15.89,16.04,5.068958800000001,80.91832205700003,0
785.0,786.0,100,15.874899999999997,15.84,15.9,5.068890399999998,80.46813231899996,0
786.0,787.0,100,15.886299999999999,15.85,15.92,5.068584799999999,80.52105993199997,0
787.0,788.0,100,15.936699999999991,15.879999999999999,15.959999999999999,5.068761199999999,80.77932743800001,0
788.0,789.0,100,15.931900000000006,15.879999999999999,15.970000000000002,5.0685359000000005,80.75140821499994,0
789.0,790.0,100,15.95779999999999,15.92,15.99,5.068802300000001,80.88693369999994,0
790.0,791.0,100,15.934199999999995,15.92,15.970000000000002,5.068834999999999,80.76782662799997,0
791.0,792.0,100,15.946499999999999,15.9,15.98,5.069039699999999,80.83344568900002,0
792.0,793.0,100,15.917200000000003,15.879999999999999,15.970000000000002,5.0688902,80.68253694399996,0
793.0,794.0,100,15.968500000000011,15.94,16.0,5.068814399999998,80.941365417,0
794.0,795.0,100,15.986699999999995,15.959999999999999,16.0,5.0689323,81.035500319,0
795.0,796.0,100,15.980700000000004,15.959999999999999,16.029999999999998,5.0689639,81.00559040500004,0
796.0,797.0,100,16.008200000000002,15.95,16.029999999999998,5.068963299999997,81.14497776099999,0
797.0,798.0,100,15.965999999999998,15.91,16.049999999999997,5.069399700000002,80.93803898500003,0
798.0,799.0,100,16.06800000000001,16.04,16.1,5.0693933000000015,81.455015465,0
799.0,800.0,100,15.9954,15.95,16.049999999999997,5.0688996,81.07907771999999,0
800.0,801.0,100,15.983,15.89,16.01,5.069047599999999,81.018580454,0
801.0,802.0,100,15.892000000000007,15.87,15.92,5.069097699999999,80.55810011299997,0
802.0,803.0,100,15.893299999999993,15.85,15.95,5.069168399999997,80.56581271500002,0
803.0,804.0,100,15.929000000000002,15.9,15.959999999999999,5.068599700000002,80.73773466799997,0
804.0,805.0,100,15.952499999999995,15.92,16.01,5.068887400000001,80.86142679299996,0
805.0,806.0,100,16.014200000000006,15.970000000000002,16.049999999999997,5.069095399999999,81.17750995999998,0
806.0,807.0,100,15.949799999999996,15.92,16.0,5.0689938,80.84943916400002,0
807.0,808.0,100,16.04229999999999,15.970000000000002,16.1,5.068601000000002,81.31202249999998,0
808.0,809.0,100,15.967500000000003,15.85,16.1,5.069267699999998,80.94352027100004,0
809.0,810.0,100,15.991100000000001,15.85,16.09,5.068660699999999,81.053435304,0
810.0,811.0,100,16.022400000000008,15.970000000000002,16.07,5.0684869,81.20931948000002,0
811.0,812.0,100,15.983100000000004,15.95,16.02,5.068892100000002,81.016611891,0
812.0,813.0,100,15.992400000000007,15.92,16.04,5.0687400999999985,81.06131407199999,0
813.0,814.0,100,15.984599999999995,15.92,16.029999999999998,5.069187999999999,81.02894422399997,0
814.0,815.0,100,15.996599999999992,15.959999999999999,16.029999999999998,5.0691425999999975,81.08904685600001,0
815.0,816.0,100,15.926200000000001,15.85,15.98,5.068685100000001,80.72488952600001,0
816.0,817.0,100,15.925699999999997,15.879999999999999,15.99,5.068984599999999,80.72712978700001,0
817.0,818.0,100,15.935999999999995,15.89,15.970000000000002,5.068984400000001,80.77933162099998,0
818.0,819.0,100,15.994799999999996,15.94,16.04,5.0688965,81.075982708,0
819.0,820.0,100,15.947300000000007,15.93,15.970000000000002,5.068872099999998,80.83482402499999,0
820.0,821.0,100,15.981200000000012,15.959999999999999,16.0,5.0692131,81.01210753300002,0
821.0,822.0,100,15.9523,15.92,15.99,5.068672800000002,80.85699266599998,0
822.0,823.0,100,15.936099999999998,15.92,15.959999999999999,5.068844599999999,80.777617494,0
823.0,824.0,100,15.949600000000002,15.92,16.0,5.068615499999997,80.84238339599996,0
824.0,825.0,100,16.031499999999998,15.99,16.060000000000002,5.068628400000001,81.25771495600003,0
825.0,826.0,100,15.990600000000004,15.94,16.049999999999997,5.068546099999997,81.04909774999994,0
826.0,827.0,100,15.983400000000005,15.94,16.02,5.068709899999999,81.01521851900002,0
827.0,828.0,100,15.961300000000005,15.9,16.02,5.0690240000000015,80.908205606,0
828.0,829.0,100,15.946600000000005,15.89,16.0,5.0687935,80.83001981700004,0
829.0,830.0,100,16.028799999999993,15.93,16.13,5.068741800000002,81.24584926399999,0
830.0,831.0,100,16.05479999999999,15.99,16.11,5.0688462,81.37931641999997,0
831.0,832.0,100,16.022000000000006,15.99,16.060000000000002,5.068949899999998,81.21471587500001,0
832.0,833.0,100,15.976099999999997,15.95,16.01,5.069329,80.98810946399999,0
833.0,834.0,100,15.999299999999995,15.98,16.029999999999998,5.069113599999997,81.10226925100001,0
834.0,835.0,100,15.978199999999994,15.95,16.029999999999998,5.068808100000001,80.99043136599997,0
835.0,836.0,100,15.96439999999999,15.95,15.99,5.0684672000000015,80.915038664,0
836.0,837.0,100,15.982700000000003,15.959999999999999,16.0,5.068959799999997,81.01566404299999,0
837.0,838.0,100,15.893100000000004,15.85,15.959999999999999,5.068514399999999,80.55441343900002,0
838.0,839.0,100,15.944799999999995,15.87,15.99,5.068249599999999,80.81222680399999,0
839.0,840.0,100,15.937499999999996,15.9,15.959999999999999,5.068705,80.782484325,0
840.0,841.0,100,15.946799999999998,15.9,15.98,5.068861799999999,80.83212500600004,0
841.0,842.0,100,15.941200000000013,15.9,15.99,5.068806600000001,80.80285916399995,0
842.0,843.0,100,15.936700000000002,15.9,15.970000000000002,5.068943100000002,80.782225814,0
843.0,844.0,100,16.002099999999995,15.94,16.029999999999998,5.0684887000000005,81.10645933099997,0
844.0,845.0,100,15.970100000000004,15.95,15.99,5.0685704,80.94557959000001,0
845.0,846.0,100,16.025700000000004,15.99,16.060000000000002,5.068618999999998,81.22816269799998,0
846.0,847.0,100,16.026700000000005,16.0,16.060000000000002,5.068591799999999,81.23279855300004,0
847.0,848.0,100,16.076000000000004,16.029999999999998,16.1,5.069111099999998,81.49103091299997,0
848.0,849.0,100,15.999799999999999,15.959999999999999,16.029999999999998,5.0690637999999995,81.10400070999997,0
849.0,850.0,100,15.993099999999997,15.92,16.049999999999997,5.069334199999999,81.074373257,0
850.0,851.0,100,15.906400000000001,15.879999999999999,15.959999999999999,5.0687488,80.625542835,0
851.0,852.0,100,16.011500000000005,15.959999999999999,16.04,5.068751,81.15830648000002,0
852.0,853.0,100,16.0512,16.01,16.1,5.069058800000001,81.36448094400002,0
853.0,854.0,100,15.987500000000011,15.94,16.029999999999998,5.0692474999999995,81.04459525,0
854.0,855.0,100,15.958399999999997,15.92,15.98,5.069000600000002,80.89314362999998,0
855.0,856.0,100,15.939400000000013,15.92,15.959999999999999,5.069035700000001,80.79738775400004,0
856.0,857.0,100,15.974199999999987,15.95,15.99,5.0690816000000005,80.97452469800001,0
857.0,858.0,100,15.982900000000008,15.959999999999999,16.01,5.068709000000002,81.012664344,0
858.0,859.0,100,15.996200000000009,15.970000000000002,16.04,5.0686659999999994,81.07939233199997,0
859.0,860.0,100,16.0235,15.99,16.049999999999997,5.068839799999999,81.22055626799995,0
860.0,861.0,100,16.003499999999992,15.959999999999999,16.04,5.069180099999998,81.12462587900004,0
861.0,862.0,100,16.00729999999999,15.99,16.029999999999998,5.0688564,81.13870167099999,0
862.0,863.0,100,16.0254,15.99,16.07,5.0686814,81.22764732400002,0
863.0,864.0,100,16.029999999999987,15.959999999999999,16.060000000000002,5.068542599999999,81.24873558599998,0
864.0,865.0,100,15.975399999999993,15.959999999999999,16.0,5.068618099999999,80.97320100000002,0
865.0,866.0,100,16.000900000000012,15.99,16.02,5.068746,81.10449574899997,0
866.0,867.0,100,16.0255,15.99,16.060000000000002,5.0689988999999995,81.233241341,0
867.0,868.0,100,15.995400000000004,15.959999999999999,16.04,5.068635199999999,81.07484743200001,0
868.0,869.0,100,15.995400000000014,15.959999999999999,16.029999999999998,5.068905200000001,81.07916737500001,0
869.0,870.0,100,16.0083,15.95,16.029999999999998,5.068989399999997,81.145902811,0
870.0,871.0,100,15.983300000000002,15.95,16.080000000000002,5.068847799999999,81.01691284600003,0
871.0,872.0,100,16.06449999999999,16.029999999999998,16.09,5.0686468,81.42527602399998,0
872.0,873.0,100,15.970800000000008,15.91,16.029999999999998,5.068721399999999,80.95153425400001,0
873.0,874.0,100,15.90819999999999,15.87,15.94,5.0688684,80.63656991999996,0
874.0,875.0,100,15.972699999999996,15.92,16.02,5.068835600000002,80.96299221599999,0
875.0,876.0,100,15.997899999999996,15.959999999999999,16.029999999999998,5.068597299999998,81.08691356299998,0
876.0,877.0,100,16.003700000000006,15.959999999999999,16.04,5.068965200000002,81.12219783899998,0
877.0,878.0,100,15.968299999999997,15.95,15.99,5.069159599999999,80.94586151300001,0
878.0,879.0,100,15.998400000000004,15.959999999999999,16.029999999999998,5.069001,81.09590883800001,0
879.0,880.0,100,16.010800000000014,15.98,16.04,5.069209499999998,81.162099081,0
880.0,881.0,100,16.059800000000006,16.01,16.1,5.0693046,81.41201373599998,0
881.0,882.0,100,16.025699999999993,15.959999999999999,16.09,5.068934000000001,81.23321177200002,0
882.0,883.0,100,15.941599999999994,15.92,15.959999999999999,5.069049700000002,80.80875717000002,0
883.0,884.0,100,15.934199999999999,15.91,15.959999999999999,5.069154299999999,80.77291953199999,0
884.0,885.0,100,15.9975,15.94,16.04,5.068640999999999,81.08558332499997,0
885.0,886.0,100,15.883899999999995,15.84,15.99,5.068659800000002,80.51008247400003,0
886.0,887.0,100,15.944800000000006,15.879999999999999,16.0,5.068918899999998,80.82289824400002,0
887.0,888.0,100,15.934000000000001,15.91,15.959999999999999,5.068919700000001,80.768167272,0
888.0,889.0,100,15.956000000000001,15.91,16.01,5.068771,80.877307569,0
889.0,890.0,100,15.950600000000016,15.9,15.98,5.068732699999999,80.84932770799998,0
890.0,891.0,100,15.909099999999995,15.89,15.95,5.0691506,80.64562573200004,0
891.0,892.0,100,15.968700000000002,15.93,16.0,5.069203899999996,80.948598057,0
892.0,893.0,100,15.989900000000008,15.98,16.0,5.069308500000002,81.05773597500003,0
893.0,894.0,100,15.999400000000007,15.970000000000002,16.029999999999998,5.068951200000001,81.10017678599999,0
894.0,895.0,100,16.0103,15.99,16.060000000000002,5.068598399999998,81.14978216,0
895.0,896.0,100,16.046499999999998,16.01,16.060000000000002,5.068657900000002,81.334216282,0
896.0,897.0,100,16.0038,15.99,16.029999999999998,5.0688856,81.12142964399997,0
897.0,898.0,100,16.002,15.959999999999999,16.029999999999998,5.0690812,81.11543698799998,0
898.0,899.0,100,16.032400000000003,15.99,16.09,5.0687247,81.26381908100001,0
899.0,900.0,100,15.944800000000003,15.89,16.029999999999998,5.068575600000001,80.81742491199998,0
900.0,901.0,100,15.918499999999995,15.89,15.959999999999999,5.0687967,80.68764271799998,0
901.0,902.0,100,15.971699999999995,15.95,16.029999999999998,5.068868999999998,80.95845604899998,0
902.0,903.0,100,16.011999999999997,15.93,16.060000000000002,5.068624400000001,81.15881199999998,0
903.0,904.0,100,15.886599999999984,15.85,15.94,5.0692129,80.53255103499998,0
904.0,905.0,100,15.980400000000007,15.89,16.029999999999998,5.068616799999997,80.99851634400001,0
905.0,906.0,100,15.956500000000005,15.879999999999999,16.029999999999998,5.068334,80.87287292499998,0
906.0,907.0,100,15.911100000000001,15.87,15.99,5.0684545000000005,80.644688338,0
907.0,908.0,100,16.010899999999996,15.98,16.029999999999998,5.0685163,81.15150867599998,0
908.0,909.0,100,15.456299999999997,2.48,15.98,5.0693977000000014,78.349420835,0
909.0,910.0,100,16.306500000000007,15.709999999999999,17.36,5.0698269,82.67106001599998,0
910.0,911.0,100,17.948500000000006,17.36,18.33,5.067763100000001,90.95845278000002,0
911.0,912.0,100,17.841999999999995,2.2300000000000004,18.31,5.067955199999999,90.41941192000002,0
912.0,913.0,100,17.268999999999995,16.93,17.66,5.069344899999997,87.54244080299995,0
913.0,914.0,100,18.1781,17.66,18.43,5.067909199999999,92.12476959499999,0
914.0,915.0,100,18.181299999999997,17.4,18.419999999999998,5.0677874,92.13885330099997,0
915.0,916.0,100,16.634500000000006,16.279999999999998,17.4,5.070192399999999,84.339873485,0
916.0,917.0,100,16.359799999999996,16.330000000000002,16.38,5.070646000000001,82.95475437,0
917.0,918.0,52,16.34826923076923,16.330000000000002,16.38,5.070728461538464,82.8976350173077,0
