second_since_host_RUN,samples,frames,voltage_mean_V,current_mean_mA,current_min_mA,current_max_mA,power_mean_mW
-4,72,18,5.07490125,17.71875,16.240000000000002,29.080000000000002,89.9204893
-3,100,25,5.069355099999999,25.6237,18.12,42.25,129.893901419
-2,100,25,5.0715495,19.6754,18.5,23.720000000000002,99.78338933900001
-1,100,25,5.0721727,18.764,18.46,30.32,95.172856646
0,100,25,5.080256299999999,4.9681999999999995,0.24000000000000002,18.84,25.224292082
1,100,25,5.0846252000000005,0.8623999999999999,0.61,3.8800000000000003,4.384710662
2,100,25,5.0849054,0.6112,0.6,0.62,3.1078941380000003
3,100,25,5.0849828,0.603,0.5900000000000001,0.62,3.06624499
4,100,25,5.0850496,0.6028,0.6,0.61,3.06526813
5,96,24,5.085410833333333,0.5872916666666667,0.58,0.61,2.9866193083333332
6,104,26,5.085531153846153,0.6003846153846154,0.58,0.62,3.0532759557692306
7,100,25,5.0854498,0.5952000000000001,0.5900000000000001,0.61,3.026861234
8,100,25,5.085158799999999,0.5986,0.5900000000000001,0.61,3.04397694
9,100,25,5.085319999999999,0.6124,0.5900000000000001,0.62,3.114249672
10,100,25,5.085493199999999,0.5910000000000001,0.5900000000000001,0.6,3.005526348
11,100,25,5.085569,0.5996,0.5900000000000001,0.61,3.049307162
12,100,25,5.0856666,0.6012,0.5900000000000001,0.61,3.057502664
13,100,25,5.0853554,0.604,0.6,0.62,3.0715549199999996
14,100,25,5.0852666,0.602,0.6,0.61,3.0613305200000003
15,100,25,5.0854804,0.5932000000000001,0.5900000000000001,0.6,3.016706534
16,100,25,5.0853952,0.5920000000000001,0.5900000000000001,0.6,3.0105537279999997
17,100,25,5.0856031999999995,0.5993999999999999,0.5900000000000001,0.62,3.048310998
18,100,25,5.0856514,0.6103999999999999,0.6,0.62,3.10428165
19,100,25,5.085826,0.6106,0.5900000000000001,0.62,3.1054055579999997
20,100,25,5.0858308,0.6082,0.6,0.62,3.093202574
21,100,25,5.086026,0.6102,0.6,0.62,3.103492938
22,100,25,5.0861032,0.602,0.5900000000000001,0.61,3.06183404
23,100,25,5.0860708,0.599,0.5900000000000001,0.6,3.0465564499999997
24,100,25,5.0856034,0.6046,0.5900000000000001,0.62,3.074754672
25,100,25,5.0854568,0.6112,0.61,0.62,3.108231112
26,100,25,5.0856016,0.619,0.61,0.62,3.147987296
27,100,25,5.0857828000000005,0.5992000000000001,0.5900000000000001,0.61,3.04740112
28,100,25,5.0860356,0.5958000000000001,0.5900000000000001,0.61,3.030260364
29,100,25,5.0861428,0.6208,0.61,0.63,3.15747736
30,100,25,5.0859952,0.5966,0.5900000000000001,0.62,3.0343042220000003
31,100,25,5.0860894000000005,0.5900000000000001,0.5900000000000001,0.5900000000000001,3.0007927459999997
32,100,25,5.0862328,0.5940000000000001,0.5900000000000001,0.6,3.0212223519999997
33,100,25,5.0863774,0.5918000000000001,0.5900000000000001,0.6,3.010118086
34,100,25,5.0862298,0.6106,0.6,0.62,3.105651656
35,100,25,5.0857932,0.6208,0.62,0.63,3.1572603839999998
36,100,25,5.0856586,0.6184,0.61,0.63,3.144971276
37,100,25,5.0858152,0.6148,0.61,0.62,3.12675898
38,100,25,5.0860504,0.6083999999999999,0.6,0.62,3.0943529940000003
39,100,25,5.0857186,0.599,0.5900000000000001,0.6,3.04634556
40,100,25,5.0857516,0.5952000000000001,0.5900000000000001,0.6,3.027039176
41,100,25,5.085921,0.5956,0.5900000000000001,0.61,3.0291742779999997
42,100,25,5.0858836,0.617,0.61,0.62,3.137990046
43,100,25,5.0858004,0.6034,0.5900000000000001,0.62,3.068772086
44,100,25,5.0859266000000005,0.6026,0.5900000000000001,0.61,3.0647795639999997
45,100,25,5.0858364,0.5983999999999999,0.5900000000000001,0.61,3.043364026
46,100,25,5.0861778,0.5918000000000001,0.5900000000000001,0.6,3.009999724
47,100,25,5.086065,0.6022,0.5900000000000001,0.61,3.062827898
48,100,25,5.0861768000000005,0.5928000000000001,0.5900000000000001,0.6,3.0150856320000003
49,100,25,5.0863304,0.595,0.5900000000000001,0.6,3.02636678
50,100,25,5.0862304,0.5982,0.5900000000000001,0.61,3.0425830919999997
51,100,25,5.0861784,0.5996,0.5900000000000001,0.62,3.04967236
52,100,25,5.0862348,0.5974,0.5900000000000001,0.61,3.0385155279999996
53,100,25,5.0858836,0.6008,0.5900000000000001,0.61,3.05559783
54,100,25,5.0860086,0.5948,0.5900000000000001,0.61,3.0251576019999997
55,100,25,5.086104,0.6148,0.6,0.62,3.1269366819999997
56,100,25,5.086085,0.6132,0.6,0.62,3.118786498
57,100,25,5.0863534,0.605,0.6,0.61,3.077244074
58,100,25,5.0864386,0.6128,0.6,0.62,3.116969678
59,100,25,5.0861928,0.6122,0.61,0.62,3.1137672359999997
60,100,25,5.0864748,0.6102,0.6,0.62,3.1037669899999996
61,100,25,5.086591,0.5942000000000001,0.5900000000000001,0.6,3.022452142
62,100,25,5.086406,0.597,0.5900000000000001,0.6,3.03658456
63,100,25,5.0863788,0.5966,0.5900000000000001,0.61,3.0345341640000005
64,100,25,5.0865812,0.609,0.6,0.62,3.097727842
65,100,25,5.0862815999999995,0.6012,0.5900000000000001,0.61,3.057872712
66,100,25,5.0865058,0.6156,0.6,0.62,3.1312531339999996
67,100,25,5.0866356,0.6152,0.61,0.62,3.1292982240000002
68,100,25,5.0866764,0.6102000000000001,0.5900000000000001,0.62,3.1038896219999996
69,100,25,5.0865868,0.5942000000000001,0.5900000000000001,0.6,3.02244983
70,100,25,5.086746600000001,0.5928000000000001,0.5900000000000001,0.6,3.01542376
71,100,25,5.0867644,0.6012,0.5900000000000001,0.61,3.0581631600000003
72,100,25,5.086816799999999,0.5998,0.5900000000000001,0.61,3.0510724
73,100,25,5.0867836,0.5930000000000001,0.5900000000000001,0.6,3.01646267
74,100,25,5.086734,0.6056,0.5900000000000001,0.62,3.0805260480000003
75,100,25,5.0867696,0.5996,0.5900000000000001,0.62,3.0500266320000002
76,100,25,5.0868454,0.5870000000000001,0.58,0.5900000000000001,2.9859783959999997
77,100,25,5.086894,0.6036,0.5900000000000001,0.61,3.070449908
78,100,25,5.0863686,0.5993999999999999,0.5900000000000001,0.61,3.048769606
79,100,25,5.0862384,0.6026,0.5900000000000001,0.61,3.064967764
80,100,25,5.0865162,0.5983999999999999,0.5900000000000001,0.61,3.0437712900000005
81,100,25,5.0859588,0.5988,0.5900000000000001,0.6,3.045472086
82,100,25,5.085952,0.6086,0.6,0.62,3.0953109580000002
83,100,25,5.086272,0.6164000000000001,0.6,0.62,3.135177792
84,100,25,5.086436,0.6008,0.5900000000000001,0.61,3.055930744
85,100,25,5.0865844,0.616,0.61,0.62,3.133336124
86,100,25,5.0864098,0.5984,0.5900000000000001,0.61,3.043708936
87,100,25,5.0859566,0.6,0.5900000000000001,0.61,3.051573904
88,100,25,5.0864114,0.5900000000000001,0.5900000000000001,0.5900000000000001,3.000982726
89,100,25,5.0861692,0.6076,0.5900000000000001,0.62,3.090355354
90,100,25,5.0861442,0.5924,0.58,0.61,3.013031562
91,100,25,5.086355,0.5910000000000001,0.5900000000000001,0.6,3.00603594
92,100,25,5.0862144,0.5928000000000001,0.5900000000000001,0.6,3.01510804
93,100,25,5.0862023999999995,0.5920000000000001,0.5900000000000001,0.6,3.0110316
94,100,25,5.0859882,0.601,0.5900000000000001,0.61,3.0566787499999997
95,100,25,5.0859288,0.5902000000000001,0.5900000000000001,0.6,3.001715182
96,100,25,5.0862806,0.5908000000000001,0.5900000000000001,0.6,3.004974498
97,100,25,5.0861095999999995,0.5998,0.5900000000000001,0.61,3.0506479200000003
98,100,25,5.086089,0.6158,0.6,0.62,3.1320138600000003
99,100,25,5.086107,0.5966,0.5900000000000001,0.62,3.03437232
100,100,25,5.0859606,0.596,0.5900000000000001,0.6,3.0312327040000002
101,100,25,5.0853942,0.5958000000000001,0.5900000000000001,0.6,3.029877586
102,100,25,5.085516,0.595,0.5900000000000001,0.6,3.0258818
103,100,25,5.0858788,0.5980000000000001,0.5900000000000001,0.61,3.04135538
104,100,25,5.0857348,0.6048,0.5900000000000001,0.62,3.0758519840000003
105,100,25,5.0857014,0.6032,0.5900000000000001,0.62,3.067695296
106,100,25,5.0853608,0.6048,0.6,0.61,3.075626216
107,100,25,5.0857372,0.6074,0.5900000000000001,0.61,3.089076326
108,100,25,5.085653,0.6024,0.5900000000000001,0.62,3.063596654
109,100,25,5.085344,0.6033999999999999,0.6,0.62,3.068496704
110,100,25,5.0854344,0.6022,0.5900000000000001,0.61,3.062448728
111,100,25,5.0852726,0.5938,0.5900000000000001,0.6,3.019634772
112,100,25,5.0854792,0.6018,0.6,0.61,3.0604414
113,100,25,5.0852638,0.6022,0.6,0.61,3.0623462
114,100,25,5.0850836,0.5942000000000001,0.5900000000000001,0.6,3.021556486
115,100,25,5.0850979999999995,0.6048,0.5900000000000001,0.61,3.075467024
116,100,25,5.085101,0.599,0.5900000000000001,0.61,3.04597547
117,100,25,5.0851532,0.607,0.6,0.61,3.08668816
118,100,25,5.0850266,0.5930000000000001,0.5900000000000001,0.6,3.01542098
119,100,25,5.0849388,0.6012,0.5900000000000001,0.61,3.0570651800000004
120,100,25,5.0851364,0.5976,0.5900000000000001,0.61,3.0388780939999998
121,100,25,5.0851028000000005,0.6112,0.6,0.62,3.108015126
122,100,25,5.0849604,0.6126,0.6,0.62,3.115047062
123,100,25,5.084939599999999,0.6146,0.5900000000000001,0.63,3.1252041859999995
124,100,25,5.084886200000001,0.5918000000000001,0.5900000000000001,0.6,3.0092354620000004
125,100,25,5.0846774,0.6048,0.6,0.61,3.075212838
126,100,25,5.0848828,0.6092,0.6,0.62,3.0977105719999996
127,100,25,5.0847606,0.5980000000000001,0.5900000000000001,0.61,3.04068707
128,100,25,5.084558400000001,0.598,0.5900000000000001,0.6,3.0405657600000002
129,100,25,5.0846368,0.6146,0.6,0.62,3.125017708
130,100,25,5.0847967999999995,0.6132,0.61,0.62,3.117997294
131,100,25,5.084522600000001,0.6132,0.6,0.62,3.117830358
132,100,25,5.0843286,0.5882000000000001,0.58,0.6,2.9906019759999998
133,100,25,5.0843146,0.6038,0.5900000000000001,0.62,3.069909224
134,100,25,5.0845504,0.602,0.6,0.61,3.06089916
135,100,25,5.0845464,0.5952000000000001,0.5900000000000001,0.6,3.026321992
136,100,25,5.0846122000000005,0.5928000000000001,0.5900000000000001,0.6,3.0141576879999996
137,100,25,5.084473999999999,0.611,0.6,0.62,3.1066138
138,100,25,5.0840713,0.5902000000000001,0.5900000000000001,0.6,3.000618937
139,100,25,5.0842754,0.5948,0.5900000000000001,0.61,3.024126918
140,100,25,5.0842098,0.596,0.5900000000000001,0.6,3.0301888100000003
141,100,25,5.0844956,0.5952000000000001,0.5900000000000001,0.6,3.0262915440000002
142,100,25,5.0845352,0.5946000000000001,0.5900000000000001,0.61,3.023264764
143,100,25,5.0845322,0.6092,0.6,0.62,3.097496852
144,100,25,5.0846056,0.5998,0.5900000000000001,0.61,3.049746596
145,100,25,5.084721200000001,0.613,0.6,0.62,3.116933872
146,100,25,5.0847093999999995,0.6014,0.5900000000000001,0.61,3.05794425
147,100,25,5.0846264,0.5938,0.58,0.6,3.019250812
148,100,25,5.0842168,0.595,0.5900000000000001,0.6,3.02510922
149,100,25,5.0842572,0.6068,0.6,0.62,3.0851275960000004
150,100,25,5.084407,0.617,0.61,0.62,3.13707922
151,100,25,5.0844254,0.612,0.61,0.62,3.111668374
152,100,25,5.0847696000000004,0.6024,0.5900000000000001,0.62,3.063064204
153,100,25,5.0846572000000005,0.5948,0.5900000000000001,0.61,3.0243537959999998
154,100,25,5.0843419999999995,0.608,0.6,0.62,3.0912799300000002
155,100,25,5.0843182,0.5902000000000001,0.5900000000000001,0.6,3.0007646
156,100,25,5.0846384,0.6056,0.5900000000000001,0.61,3.079258064
157,100,25,5.0847359999999995,0.6098,0.6,0.62,3.100671724
158,100,25,5.0845512,0.6112,0.5900000000000001,0.62,3.1076778079999996
159,100,25,5.084443,0.608,0.6,0.61,3.09134123
160,100,25,5.084504,0.612,0.61,0.62,3.11171652
161,100,25,5.0846136,0.6002,0.6,0.61,3.0517850440000003
162,100,25,5.0844632,0.5920000000000001,0.5900000000000001,0.6,3.0100021200000002
163,100,25,5.0844456000000005,0.6158,0.6,0.62,3.13100211
164,100,25,5.0846352,0.6072,0.6,0.62,3.0873908
165,100,25,5.0845232,0.5980000000000001,0.5900000000000001,0.61,3.04054504
166,100,25,5.0845024,0.6038,0.6,0.61,3.070022348
167,100,25,5.0842992,0.601,0.5900000000000001,0.61,3.0556633520000003
168,100,25,5.0845298,0.5944,0.5900000000000001,0.61,3.022244642
169,100,25,5.0844052,0.597,0.5900000000000001,0.61,3.035389308
170,100,25,5.084408,0.5918000000000001,0.5900000000000001,0.6,3.00895231
171,100,25,5.0844054,0.5942000000000001,0.5900000000000001,0.6,3.021153276
172,100,25,5.0844842,0.5998,0.5900000000000001,0.61,3.049673684
173,100,25,5.084458199999999,0.5980000000000001,0.5900000000000001,0.61,3.0405064599999996
174,100,25,5.0843936,0.5952000000000001,0.5900000000000001,0.6,3.026230926
175,100,25,5.08441,0.5870000000000001,0.58,0.5900000000000001,2.98454852
176,100,25,5.08456,0.5930000000000001,0.5900000000000001,0.6,3.01514406
177,100,25,5.0840082,0.5900000000000001,0.5900000000000001,0.5900000000000001,2.999564838
178,100,25,5.0842244,0.5920000000000001,0.5900000000000001,0.6,3.009860896
179,100,25,5.0844196,0.5966,0.5900000000000001,0.61,3.0333639160000003
180,100,25,5.0842428,0.6004,0.5900000000000001,0.61,3.05257858
181,100,25,5.0843744,0.5928000000000001,0.5900000000000001,0.6,3.0140172339999998
182,100,25,5.0845072,0.599,0.5900000000000001,0.6,3.04561978
183,100,25,5.0843478,0.595,0.5900000000000001,0.6,3.02518705
184,100,25,5.0843672,0.5930000000000001,0.5900000000000001,0.6,3.01502971
185,100,25,5.084336,0.5968,0.5900000000000001,0.61,3.03433154
186,100,25,5.0842466,0.6064,0.5900000000000001,0.62,3.0830867740000003
187,100,25,5.0843284,0.5946,0.5900000000000001,0.61,3.0231418960000003
188,100,25,5.0843084,0.616,0.61,0.62,3.1319344639999995
189,100,25,5.0840184,0.607,0.5900000000000001,0.62,3.085999514
190,100,25,5.0843072000000005,0.6062,0.6,0.61,3.082107182
191,100,25,5.0842394,0.6058,0.6,0.61,3.080032054
192,100,25,5.0839862,0.603,0.5900000000000001,0.61,3.065643652
193,100,25,5.0841196,0.6074,0.5900000000000001,0.62,3.088093742
194,100,25,5.0843482,0.6014,0.5900000000000001,0.62,3.05772755
195,100,25,5.0841034,0.6083999999999999,0.6,0.62,3.093168792
196,100,25,5.084295,0.5932000000000001,0.5900000000000001,0.6,3.016003282
197,100,25,5.0842506,0.5968,0.5900000000000001,0.6,3.034280538
198,100,25,5.0840933999999995,0.601,0.5900000000000001,0.61,3.0555404299999998
199,100,25,5.0841964,0.5972,0.5900000000000001,0.6,3.0362818679999997
200,100,25,5.0842076,0.5926,0.5900000000000001,0.61,3.0129015700000004
201,100,25,5.0843434,0.5983999999999999,0.5900000000000001,0.61,3.0424712800000004
202,100,25,5.0840648,0.5918000000000001,0.5900000000000001,0.6,3.008749622
203,100,25,5.0841196,0.6055999999999999,0.6,0.62,3.0789431919999997
204,100,25,5.0842928,0.6114,0.6,0.62,3.108537208
205,100,25,5.0837318,0.5922000000000001,0.58,0.6,3.010586088
206,100,25,5.08378,0.5988,0.5900000000000001,0.61,3.044167592
207,100,25,5.0839794000000005,0.6146,0.6,0.63,3.124614192
208,100,25,5.0840428,0.626,0.62,0.63,3.1826107159999997
209,100,25,5.084342,0.6112,0.6,0.62,3.1075485659999997
210,100,25,5.0839408,0.5944,0.5900000000000001,0.61,3.0218960040000002
211,100,25,5.083800999999999,0.5988,0.5900000000000001,0.61,3.044180262
212,100,25,5.0840956,0.5932,0.58,0.6,3.0158848519999997
213,100,25,5.0840596,0.6083999999999999,0.5900000000000001,0.62,3.093140626
214,100,25,5.0841124,0.6006,0.5900000000000001,0.62,3.053516874
215,100,25,5.0843194,0.6024,0.5900000000000001,0.62,3.062793132
216,100,25,5.0841275999999995,0.6046,0.5900000000000001,0.62,3.073862538
217,100,25,5.0841188,0.5900000000000001,0.5900000000000001,0.5900000000000001,2.999630092
218,100,25,5.083963600000001,0.5938,0.5900000000000001,0.6,3.018857116
219,100,25,5.0840686,0.597,0.5900000000000001,0.6,3.03518883
220,100,25,5.0841237999999995,0.5998,0.5900000000000001,0.61,3.049457516
221,100,25,5.0841756,0.6093999999999999,0.5900000000000001,0.62,3.098296202
222,100,25,5.0842284,0.6036,0.5900000000000001,0.61,3.068840308
223,100,25,5.0840516000000004,0.5964,0.5900000000000001,0.61,3.0321286119999997
224,100,25,5.084177,0.5968,0.5900000000000001,0.6,3.0342368320000004
225,100,25,5.0839414,0.5982,0.5900000000000001,0.6,3.0412137140000004
226,100,25,5.0839472,0.5968,0.5900000000000001,0.6,3.034099856
227,100,25,5.0842028,0.6068,0.6,0.61,3.085094196
228,100,25,5.0841104,0.6088,0.6,0.62,3.095206404
229,100,25,5.0840498,0.6006,0.5900000000000001,0.62,3.0534814619999997
230,100,25,5.0838144,0.6074,0.5900000000000001,0.62,3.087909752
231,100,25,5.084082,0.62,0.62,0.62,3.15213084
232,100,25,5.084026,0.6152,0.61,0.62,3.127692768
233,100,25,5.0839478,0.6092,0.6,0.62,3.097140928
234,100,25,5.0840452,0.5902000000000001,0.5900000000000001,0.6,3.000603458
235,100,25,5.0839162,0.5948,0.5900000000000001,0.6,3.023913342
236,100,25,5.0841196,0.5972,0.58,0.61,3.0362354199999997
237,100,25,5.0837962,0.5966,0.5900000000000001,0.61,3.032991622
238,100,25,5.0838256,0.6102,0.6,0.62,3.102150408
239,100,25,5.0837888,0.5932000000000001,0.5900000000000001,0.6,3.015703384
240,100,25,5.0841064,0.5948,0.5900000000000001,0.6,3.024027176
241,100,25,5.0840472,0.596,0.5900000000000001,0.6,3.03009227
242,100,25,5.083989,0.605,0.6,0.61,3.0758135600000003
243,100,25,5.0838262,0.601,0.6,0.61,3.05537956
244,100,25,5.0842034,0.608,0.6,0.62,3.09119591
245,100,25,5.0840448,0.6078,0.6,0.62,3.090082636
246,100,25,5.0841246,0.6062,0.6,0.62,3.081996204
247,100,25,5.0841054,0.5904,0.58,0.6,3.001655998
248,100,25,5.0839944,0.5966,0.58,0.6,3.0331108420000006
249,100,25,5.0840386,0.6028,0.5900000000000001,0.61,3.064659106
250,100,25,5.0841564,0.5962000000000001,0.5900000000000001,0.61,3.031174014
251,100,25,5.0838326,0.6052,0.5900000000000001,0.61,3.076735404
252,100,25,5.083774399999999,0.6048,0.5900000000000001,0.61,3.0746667359999997
253,100,25,5.0838846,0.6086,0.5900000000000001,0.62,3.094052312
254,100,25,5.0841516,0.5996,0.5900000000000001,0.62,3.048456996
255,100,25,5.0837022,0.5908000000000001,0.5900000000000001,0.6,3.0034512419999997
256,100,25,5.0836824,0.5992000000000001,0.5900000000000001,0.61,3.046142472
257,100,25,5.0837616,0.5968,0.5900000000000001,0.6,3.0339890880000002
258,100,25,5.084035,0.596,0.5900000000000001,0.6,3.0300849199999997
259,100,25,5.0839866,0.5972000000000001,0.5900000000000001,0.61,3.03615654
260,100,25,5.0839502,0.5938,0.58,0.61,3.0188491799999997
261,100,25,5.0838356,0.5992000000000001,0.5900000000000001,0.61,3.046234692
262,100,25,5.0837696,0.599,0.5900000000000001,0.6,3.0451779040000004
263,100,25,5.0838894,0.601,0.5900000000000001,0.61,3.0554176460000004
264,100,25,5.0837328,0.6024,0.5900000000000001,0.62,3.0624418
265,100,25,5.0839644,0.6132,0.6,0.62,3.117486778
266,100,25,5.084012,0.5914,0.5900000000000001,0.61,3.00668469
267,100,25,5.0840524,0.6055999999999999,0.5900000000000001,0.61,3.078902344
268,100,25,5.0841052,0.597,0.5900000000000001,0.61,3.035210702
269,100,25,5.0840676,0.6032,0.5900000000000001,0.61,3.0667093440000004
270,100,25,5.0840596,0.605,0.6,0.61,3.07585599
271,100,25,5.0840096,0.6,0.6,0.6,3.05040576
272,100,25,5.0835365999999995,0.5952000000000001,0.5900000000000001,0.6,3.02572099
273,100,25,5.08355,0.5900000000000001,0.5900000000000001,0.5900000000000001,2.9992944999999995
274,100,25,5.0836232,0.5938,0.58,0.61,3.01865568
275,100,25,5.0837152,0.606,0.5900000000000001,0.62,3.0807312000000002
276,100,25,5.0841478,0.5980000000000001,0.5900000000000001,0.61,3.0403203000000003
277,100,25,5.0838464,0.605,0.5900000000000001,0.61,3.07572777
278,100,25,5.0837,0.5972000000000001,0.5900000000000001,0.61,3.035985144
279,100,25,5.0837184,0.5968000000000001,0.5900000000000001,0.61,3.033962976
280,100,25,5.083983,0.6008,0.5900000000000001,0.61,3.05445675
281,100,25,5.084004,0.604,0.5900000000000001,0.61,3.07073841
282,100,25,5.083938,0.6092,0.6,0.62,3.09713517
283,100,25,5.0838338,0.5942000000000001,0.5900000000000001,0.6,3.020814272
284,100,25,5.0838168,0.6046,0.5900000000000001,0.61,3.073675624
285,100,25,5.0839826,0.6042000000000001,0.6,0.61,3.0717424240000004
286,100,25,5.083798,0.5952000000000001,0.5900000000000001,0.6,3.0258768880000004
287,100,25,5.0837912,0.6038,0.5900000000000001,0.61,3.069593352
288,100,25,5.083897400000001,0.6036,0.5900000000000001,0.62,3.068641106
289,100,25,5.0839594,0.6154,0.6,0.62,3.128668354
290,100,25,5.0839608,0.5922000000000001,0.5900000000000001,0.6,3.0107218899999997
291,100,25,5.0839018,0.595,0.5900000000000001,0.6,3.024921752
292,100,25,5.083972999999999,0.6046,0.5900000000000001,0.61,3.073769376
293,100,25,5.0837888,0.607,0.6,0.61,3.085859568
294,100,25,5.0838475999999995,0.6072,0.6,0.61,3.086912444
295,100,25,5.083937000000001,0.6042000000000001,0.5900000000000001,0.61,3.071714818
296,100,25,5.0839238,0.5872,0.58,0.5900000000000001,2.9852801319999998
297,100,25,5.083876399999999,0.5886,0.58,0.6,2.9923697099999997
298,100,25,5.0839302,0.5952000000000001,0.5900000000000001,0.6,3.025955364
299,100,25,5.0839544,0.5956,0.5900000000000001,0.61,3.0280038260000004
300,100,25,5.0840232,0.6006,0.58,0.61,3.0534660459999996
301,100,25,5.0833662,1.5996000000000001,0.58,17.89,8.129578082
302,100,25,5.0784134,13.8759,6.8100000000000005,18.14,70.468534573
303,100,25,5.0736236,16.9348,16.18,17.14,85.920708084
304,100,25,5.074162,16.7624,16.54,17.11,85.055045508
305,48,12,5.074471666666667,16.626250000000002,16.62,16.650000000000002,84.369434725
