baseline,target,status,sleep_current_saving_percent,whole_cycle_energy_saving_percent,reasons
A,B-LS,NOT_COMPARABLE,,,"['Both profiles require complete globally PASS data', 'Same named firmware artifact has different/unproved BIN hash', 'Identical fixture reference not proved', 'Identical tool/fixture provenance not proved', 'Different configured cycles', 'Different configured sleep_ms', 'Different configured rtc_tolerance_s', 'Different configured host_tolerance_s', 'B-LS lacks exact three sleep-window boundaries', 'B-LS has unequal or absent sleep windows']"
A,C-never,COMPARABLE_MODEL_ESTIMATES,97.66494547687117,96.62238207446923,[]
A,B-upstream-vanilla,NOT_COMPARABLE,,,"['Both profiles require complete globally PASS data', 'B-upstream-vanilla lacks exact three sleep-window boundaries', 'B-upstream-vanilla has unequal or absent sleep windows']"
A,B-upstream-usbfix,NOT_COMPARABLE,,,"['Both profiles require complete globally PASS data', 'B-upstream-usbfix lacks exact three sleep-window boundaries', 'B-upstream-usbfix has unequal or absent sleep windows']"
B-LS,C-never,NOT_COMPARABLE,,,"['Both profiles require complete globally PASS data', 'Same named firmware artifact has different/unproved BIN hash', 'Identical fixture reference not proved', 'Identical tool/fixture provenance not proved', 'Different configured cycles', 'Different configured sleep_ms', 'Different configured rtc_tolerance_s', 'Different configured host_tolerance_s', 'B-LS lacks exact three sleep-window boundaries', 'B-LS has unequal or absent sleep windows']"
B-upstream-vanilla,C-never,NOT_COMPARABLE,,,"['Both profiles require complete globally PASS data', 'B-upstream-vanilla lacks exact three sleep-window boundaries', 'B-upstream-vanilla has unequal or absent sleep windows']"
B-upstream-usbfix,C-never,NOT_COMPARABLE,,,"['Both profiles require complete globally PASS data', 'B-upstream-usbfix lacks exact three sleep-window boundaries', 'B-upstream-usbfix has unequal or absent sleep windows']"
B-upstream-vanilla,B-upstream-usbfix,NOT_COMPARABLE,,,"['Both profiles require complete globally PASS data', 'B-upstream-vanilla lacks exact three sleep-window boundaries', 'B-upstream-vanilla has unequal or absent sleep windows', 'B-upstream-usbfix lacks exact three sleep-window boundaries', 'B-upstream-usbfix has unequal or absent sleep windows']"
C-STA,C+helper-STA,COMPARABLE_MODEL_ESTIMATES,-0.15885063393513488,-1.0448992963995019,[]
