profile,profile_status,cycle,full_window_status,sleep_window_status,valid_complete_cycle_energy,sleep_current_mean_mA,sleep_voltage_mean_V,sleep_power_mean_mW,sleep_duration_host_s,sleep_samples,sleep_first10_mean_mA,sleep_last10_mean_mA,whole_cycle_energy_J_valid,whole_cycle_energy_J_diagnostic,whole_cycle_nominal_energy_J_diagnostic,whole_cycle_duration_host_s,whole_cycle_covered_host_s,ready_to_ready_s,ready_to_sleep_marker_s,sleep_marker_to_next_ready_s,sleep_ACK_flush_to_next_ready_s,ready_marker_to_ACK_flush_s,sleep_marker_to_ACK_flush_s,rtc_elapsed_s
A,PASS,1,PASS,PASS,True,15.957040992546803,5.0689985325395215,80.88621655339465,220.0,22004,15.942309999999978,15.952799999999979,24.518425339544073,24.518425339544073,24.517767275221,302.885578625,302.885578625,302.885578625,0.021439584,302.864139041,302.863767916,0.000686459,0.000371125,302
A,PASS,2,PASS,PASS,True,15.97102045454533,5.0688599795454765,80.95486775182265,220.0,22000,15.95404000000002,15.975780000000016,24.54383484232886,24.54383484232886,24.54670318853,302.886646625,302.886646625,302.886646625,0.022929625,302.863717,302.863414708,0.000744625,0.000302292,303
A,PASS,3,PASS,PASS,True,15.975154517360433,5.0688497336847576,80.97565750141761,220.0,22004,15.966245019920336,15.970609999999947,24.550248353080462,24.550248353080462,24.552985167178,302.888523709,302.888523709,302.888523709,0.0215655,302.866958209,302.866702792,0.000744,0.000255417,303
C-never,PASS,1,PASS,PASS,True,0.3727272727272738,5.080599345000003,1.893677800022729,220.0,22000,0.3765999999999999,0.37170000000000003,0.8285106450674468,0.8285106450674468,0.831290539002,304.96053425,304.96053425,304.96053425,0.020534333,304.939999917,304.939763,0.000395625,0.000236917,302
C-never,PASS,2,PASS,PASS,True,0.3730121796037078,5.080751570623549,1.8951822256135349,220.0,22004,0.37658000000000014,0.37129999999999963,0.8311762182456816,0.8311762182456816,0.82816726045,305.013626083,305.013626083,305.013626083,0.023553291,304.990072792,304.989691542,0.001050375,0.00038125,303
C-never,PASS,3,PASS,PASS,True,0.3728267587711345,5.080677782221388,1.8942123316851445,220.0,22004,0.3766,0.37039840637450167,0.8266624203963251,0.8266624203963251,0.830298972373,304.942063792,304.942063792,304.942063792,0.026135292,304.9159285,304.915523292,0.002236333,0.000405208,303
C-STA,PASS,1,PASS,PASS,True,0.3722763636363634,5.080740544090906,1.8914395838954556,220.0,22000,0.37175999999999954,0.3702999999999996,1.0760770485311202,1.0760770485311202,1.075107282958,305.870272083,305.870272083,305.870272083,0.0254625,305.844809583,305.844503,0.000483041,0.000306583,302
C-STA,PASS,2,PASS,PASS,True,0.3712136363636343,5.080770322727227,1.8860512230454525,220.0,22000,0.36909999999999954,0.3622999999999998,1.0624470527752656,1.0624470527752656,1.058338833319,305.8346005,305.8346005,305.8346005,0.030439958,305.804160542,305.803762833,0.002026,0.000397709,303
C-STA,PASS,3,PASS,PASS,True,0.3716227272727292,5.080831898181783,1.888152763145457,220.0,22000,0.36849999999999994,0.37260000000000004,1.0695717960132547,1.0695717960132547,1.065405696709,305.794586875,305.794586875,305.794586875,0.030488542,305.764098333,305.7638405,0.001985583,0.000257833,303
C+helper-STA,PASS,1,PASS,PASS,True,0.37239727272727396,5.080889278636376,1.8921094215090852,220.0,22000,0.3755999999999998,0.3702400000000002,1.078613614422451,1.078613614422451,1.07481369063,306.041066625,306.041066625,306.041066625,0.029055125,306.0120115,306.011746709,0.000613125,0.000264791,302
C+helper-STA,PASS,2,PASS,PASS,True,0.37291363636363584,5.081055228636373,1.8947948018363667,220.0,22000,0.37319999999999953,0.3688000000000003,1.084776164693844,1.084776164693844,1.083955652213,306.18364025,306.18364025,306.18364025,0.028222541,306.155417709,306.154661125,0.001141083,0.000756584,302
C+helper-STA,PASS,3,PASS,PASS,True,0.3715731818181811,5.080984305909098,1.8879575245454516,220.0,22000,0.37351000000000073,0.3666000000000004,1.0782274896622597,1.0782274896622597,1.086965491844,306.199569916,306.199569916,306.199569916,0.028391333,306.171178583,306.170866916,0.001813708,0.000311667,302
